"","bird","sex","tissue","treatment","group","study","V1","V2"
"L.Blu13_male_gonad_control.NYNO","L.Blu13","male","gonads","control","male.gonad.control","charcterization",-5.00105647642536,44.5828595146916
"L.Blu13_male_hypothalamus_control.NYNO","L.Blu13","male","hypothalamus","control","male.hypothalamus.control","charcterization",-2.66239006008812,-34.7061623600199
"L.Blu13_male_pituitary_control.NYNO","L.Blu13","male","pituitary","control","male.pituitary.control","charcterization",37.9090820610623,-6.73482503169004
"L.G107_male_gonad_control","L.G107","male","gonads","control","male.gonad.control","charcterization",-6.65426325418776,43.1604072932344
"L.G107_male_hypothalamus_control","L.G107","male","hypothalamus","control","male.hypothalamus.control","charcterization",-5.86913584208098,-28.9148925827796
"L.G107_male_pituitary_control","L.G107","male","pituitary","control","male.pituitary.control","charcterization",37.7004300469944,-8.00962104345565
"L.G118_female_gonad_control","L.G118","female","gonads","control","female.gonad.control","charcterization",-32.9100701405129,-10.0725535104842
"L.G118_female_hypothalamus_control.NYNO","L.G118","female","hypothalamus","control","female.hypothalamus.control","charcterization",-2.95590969921607,-34.4977447979915
"L.G118_female_pituitary_control.NYNO","L.G118","female","pituitary","control","female.pituitary.control","charcterization",37.6669979084973,-8.90328261384101
"L.R3_male_gonad_control.NYNO","L.R3","male","gonads","control","male.gonad.control","charcterization",-7.53403978184482,42.1608703354796
"L.R3_male_hypothalamus_control","L.R3","male","hypothalamus","control","male.hypothalamus.control","charcterization",-2.06610192005206,-36.3954902934448
"L.R3_male_pituitary_control.NYNO","L.R3","male","pituitary","control","male.pituitary.control","charcterization",37.8969585866657,-6.54006107882365
"L.R8_male_gonad_control","L.R8","male","gonads","control","male.gonad.control","charcterization",-7.78886645326342,41.9617591171978
"L.R8_male_hypothalamus_control","L.R8","male","hypothalamus","control","male.hypothalamus.control","charcterization",-4.02622493082445,-32.608558669552
"L.R8_male_pituitary_control","L.R8","male","pituitary","control","male.pituitary.control","charcterization",35.7785779224765,-3.90503406723366
"L.W33_male_gonad_control","L.W33","male","gonads","control","male.gonad.control","charcterization",-5.05644503081667,44.4097979868588
"L.W33_male_hypothalamus_control.NYNO","L.W33","male","hypothalamus","control","male.hypothalamus.control","charcterization",-3.99372287115272,-32.5895061705113
"L.W33_male_pituitary_control","L.W33","male","pituitary","control","male.pituitary.control","charcterization",24.5922663737927,12.8484798132081
"L.W3_male_gonad_control.NYNO","L.W3","male","gonads","control","male.gonad.control","charcterization",-5.33284351308302,44.4042158375305
"L.W3_male_hypothalamus_control","L.W3","male","hypothalamus","control","male.hypothalamus.control","charcterization",-2.22109393790409,-35.2829922489003
"L.W3_male_pituitary_control","L.W3","male","pituitary","control","male.pituitary.control","charcterization",35.1661765296714,-6.04575903948481
"L.W4_male_gonad_control.NYNO","L.W4","male","gonads","control","male.gonad.control","charcterization",-8.35118178628195,41.3603614086975
"L.W4_male_hypothalamus_control","L.W4","male","hypothalamus","control","male.hypothalamus.control","charcterization",-3.45894909461625,-36.1846625369122
"L.W4_male_pituitary_control","L.W4","male","pituitary","control","male.pituitary.control","charcterization",38.2772614419875,-7.55048007301562
"R.G106_female_gonad_control","R.G106","female","gonads","control","female.gonad.control","charcterization",-36.2184618518461,-14.3042600381889
"R.G106_female_hypothalamus_control","R.G106","female","hypothalamus","control","female.hypothalamus.control","charcterization",-4.55516744294181,-27.5566582215727
"R.G106_female_pituitary_control","R.G106","female","pituitary","control","female.pituitary.control","charcterization",37.8955677974587,-6.99033574810936
"R.R20_female_gonad_control","R.R20","female","gonads","control","female.gonad.control","charcterization",-26.9305530322606,-5.75246998562625
"R.R20_female_hypothalamus_control.NYNO","R.R20","female","hypothalamus","control","female.hypothalamus.control","charcterization",-2.65356181563277,-36.3840433925173
"R.R20_female_pituitary_control","R.R20","female","pituitary","control","female.pituitary.control","charcterization",37.4307538109754,-9.80346391769952
"R.R9_female_gonad_control","R.R9","female","gonads","control","female.gonad.control","charcterization",-33.936346461373,-9.59214755281572
"R.R9_female_hypothalamus_control","R.R9","female","hypothalamus","control","female.hypothalamus.control","charcterization",-4.59280084230252,-31.8290521633209
"R.R9_female_pituitary_control.NYNO","R.R9","female","pituitary","control","female.pituitary.control","charcterization",-12.5499844406444,-25.3908685152821
"R.W44_female_gonad_control","R.W44","female","gonads","control","female.gonad.control","charcterization",-27.0463459316465,-5.82567445768877
"R.W44_female_hypothalamus_control","R.W44","female","hypothalamus","control","female.hypothalamus.control","charcterization",-1.89048192026228,-36.3839979732621
"R.W44_female_pituitary_control.NYNO","R.W44","female","pituitary","control","female.pituitary.control","charcterization",37.4155159932221,-9.93674450906732
"R.Y108.W29_male_gonad_control","R.Y108.W29","male","gonads","control","male.gonad.control","charcterization",-6.84116206503606,43.0387851480535
"R.Y108.W29_male_hypothalamus_control.NYNO","R.Y108.W29","male","hypothalamus","control","male.hypothalamus.control","charcterization",-2.62130269905311,-34.6969857848134
"R.Y108.W29_male_pituitary_control","R.Y108.W29","male","pituitary","control","male.pituitary.control","charcterization",37.9300885203501,-8.60646866680234
"blk.s061.pu.y_female_gonad_inc.d9","blk.s061.pu.y","female","gonads","inc.d9","female.gonad.inc.d9","charcterization",-19.3061326812611,11.1590348397258
"blk.s061.pu.y_female_hypothalamus_inc.d9","blk.s061.pu.y","female","hypothalamus","inc.d9","female.hypothalamus.inc.d9","charcterization",3.56058369062573,-8.27818407467525
"blk.s061.pu.y_female_pituitary_inc.d9","blk.s061.pu.y","female","pituitary","inc.d9","female.pituitary.inc.d9","charcterization",20.4037098700282,-26.3403822033437
"blk11.x_female_gonad_bldg","blk11.x","female","gonads","bldg","female.gonad.bldg","charcterization",-14.2260831791844,8.93054148610373
"blk11.x_female_hypothalamus_bldg","blk11.x","female","hypothalamus","bldg","female.hypothalamus.bldg","charcterization",-12.6555831272775,-16.0292488277129
"blk11.x_female_pituitary_bldg","blk11.x","female","pituitary","bldg","female.pituitary.bldg","charcterization",22.9646126415068,-18.8389354116979
"blk12.x_male_gonad_n5","blk12.x","male","gonads","n5","male.gonad.n5","charcterization",-11.9323560296766,31.978295485327
"blk12.x_male_hypothalamus_n5.NYNO","blk12.x","male","hypothalamus","n5","male.hypothalamus.n5","charcterization",-12.2176517467176,-21.2114914384393
"blk12.x_male_pituitary_n5","blk12.x","male","pituitary","n5","male.pituitary.n5","charcterization",21.8340031620715,16.5688941821336
"blk17.x_male_gonad_inc.d17","blk17.x","male","gonads","inc.d17","male.gonad.inc.d17","charcterization",-19.6665090192758,18.5218565279989
"blk17.x_male_hypothalamus_inc.d17","blk17.x","male","hypothalamus","inc.d17","male.hypothalamus.inc.d17","charcterization",-11.6282710183512,-15.8969387799396
"blk17.x_male_pituitary_inc.d17","blk17.x","male","pituitary","inc.d17","male.pituitary.inc.d17","charcterization",25.3047049648413,17.1545092536073
"blk21.x_female_gonad_hatch","blk21.x","female","gonads","hatch","female.gonad.hatch","charcterization",-40.21769322835,-10.569148482382
"blk21.x_female_hypothalamus_hatch","blk21.x","female","hypothalamus","hatch","female.hypothalamus.hatch","charcterization",-0.0122130607808531,11.7713764950088
"blk21.x_female_pituitary_hatch","blk21.x","female","pituitary","hatch","female.pituitary.hatch","charcterization",20.2821515640473,19.3876089934456
"blk4.x_female_gonad_n9","blk4.x","female","gonads","n9","female.gonad.n9","charcterization",-31.7356053521263,4.55330649479308
"blk4.x_female_hypothalamus_n9","blk4.x","female","hypothalamus","n9","female.hypothalamus.n9","charcterization",-0.818250672177756,-19.3225764804346
"blk4.x_female_pituitary_n9","blk4.x","female","pituitary","n9","female.pituitary.n9","charcterization",26.0677633154714,7.36149321294738
"blu.o.x.ATLAS_female_gonad_control","blu.o.x.ATLAS","female","gonads","control","female.gonad.control","charcterization",-35.1564595639522,-14.2557704118589
"blu.o.x.ATLAS_female_hypothalamus_control","blu.o.x.ATLAS","female","hypothalamus","control","female.hypothalamus.control","charcterization",-0.435969215511432,-38.584438731581
"blu.o.x.ATLAS_female_pituitary_control","blu.o.x.ATLAS","female","pituitary","control","female.pituitary.control","charcterization",17.6207198996187,23.4699524821942
"blu103.x_female_gonad_hatch.NYNO","blu103.x","female","gonads","hatch","female.gonad.hatch","charcterization",-35.3667917321798,-12.2182428270929
"blu103.x_female_hypothalamus_hatch","blu103.x","female","hypothalamus","hatch","female.hypothalamus.hatch","charcterization",-8.73732337933421,-19.7240574555718
"blu103.x_female_pituitary_hatch.NYNO","blu103.x","female","pituitary","hatch","female.pituitary.hatch","charcterization",24.3990329958408,13.1007902209932
"blu104.w120.x_male_gonad_hatch","blu104.w120.x","male","gonads","hatch","male.gonad.hatch","charcterization",-4.06849874271054,40.897698631187
"blu104.w120.x_male_hypothalamus_hatch","blu104.w120.x","male","hypothalamus","hatch","male.hypothalamus.hatch","charcterization",-5.81235205280936,-28.9118863215907
"blu104.w120.x_male_pituitary_hatch.NYNO","blu104.w120.x","male","pituitary","hatch","male.pituitary.hatch","charcterization",19.8997592843437,24.613750202425
"blu108.w40.o158_male_gonad_inc.d9","blu108.w40.o158","male","gonads","inc.d9","male.gonad.inc.d9","charcterization",-16.6501912445689,23.7703923443254
"blu108.w40.o158_male_hypothalamus_inc.d9","blu108.w40.o158","male","hypothalamus","inc.d9","male.hypothalamus.inc.d9","charcterization",-2.67714378489981,-21.0829438474634
"blu108.w40.o158_male_pituitary_inc.d9","blu108.w40.o158","male","pituitary","inc.d9","male.pituitary.inc.d9","charcterization",22.1904827821657,-20.8355997750174
"blu111.w113.x_male_gonad_inc.d3","blu111.w113.x","male","gonads","inc.d3","male.gonad.inc.d3","charcterization",-17.5600993834743,22.490545793389
"blu111.w113.x_male_hypothalamus_inc.d3","blu111.w113.x","male","hypothalamus","inc.d3","male.hypothalamus.inc.d3","charcterization",-11.6088078031157,-25.5242397255915
"blu111.w113.x_male_pituitary_inc.d3","blu111.w113.x","male","pituitary","inc.d3","male.pituitary.inc.d3","charcterization",30.9441748124792,-18.9471131202786
"blu113.w124.x_male_gonad_inc.d17","blu113.w124.x","male","gonads","inc.d17","male.gonad.inc.d17","charcterization",1.2855158752727,39.7118115656573
"blu113.w124.x_male_hypothalamus_inc.d17","blu113.w124.x","male","hypothalamus","inc.d17","male.hypothalamus.inc.d17","charcterization",-6.10119850270698,-21.9736315902243
"blu113.w124.x_male_pituitary_inc.d17.NYNO","blu113.w124.x","male","pituitary","inc.d17","male.pituitary.inc.d17","charcterization",21.0152481468937,15.6009736525244
"blu114.r38.w198_male_gonad_bldg","blu114.r38.w198","male","gonads","bldg","male.gonad.bldg","charcterization",-0.371077579041008,39.1394057234466
"blu114.r38.w198_male_hypothalamus_bldg","blu114.r38.w198","male","hypothalamus","bldg","male.hypothalamus.bldg","charcterization",-5.62351588748719,-23.1440771765764
"blu114.r38.w198_male_pituitary_bldg","blu114.r38.w198","male","pituitary","bldg","male.pituitary.bldg","charcterization",37.2929836702907,-0.298227336907975
"blu121.w91.x_male_gonad_inc.d17","blu121.w91.x","male","gonads","inc.d17","male.gonad.inc.d17","charcterization",-11.7984679661678,31.4308625993612
"blu121.w91.x_male_hypothalamus_inc.d17","blu121.w91.x","male","hypothalamus","inc.d17","male.hypothalamus.inc.d17","charcterization",2.9532918961795,11.9311499121225
"blu121.w91.x_male_pituitary_inc.d17","blu121.w91.x","male","pituitary","inc.d17","male.pituitary.inc.d17","charcterization",23.8706170322394,22.0332548196322
"blu124.w180.x_female_gonad_hatch","blu124.w180.x","female","gonads","hatch","female.gonad.hatch","charcterization",2.84444509452351,22.0872624179066
"blu124.w180.x_female_hypothalamus_hatch","blu124.w180.x","female","hypothalamus","hatch","female.hypothalamus.hatch","charcterization",2.00710703625144,5.42194867426198
"blu124.w180.x_female_pituitary_hatch","blu124.w180.x","female","pituitary","hatch","female.pituitary.hatch","charcterization",23.521121082194,23.0420010112165
"blu33.y88.x_male_gonad_bldg","blu33.y88.x","male","gonads","bldg","male.gonad.bldg","charcterization",-17.2656257401567,23.097802403698
"blu33.y88.x_male_hypothalamus_bldg","blu33.y88.x","male","hypothalamus","bldg","male.hypothalamus.bldg","charcterization",2.5788352238417,-6.8669172256563
"blu33.y88.x_male_pituitary_bldg","blu33.y88.x","male","pituitary","bldg","male.pituitary.bldg","charcterization",26.3433296624219,-15.621433128302
"blu36.w16_female_gonad_n9","blu36.w16","female","gonads","n9","female.gonad.n9","charcterization",-25.0001299407888,-1.32869094857872
"blu36.w16_female_hypothalamus_n9","blu36.w16","female","hypothalamus","n9","female.hypothalamus.n9","charcterization",-10.3930518252982,-14.9086492841427
"blu36.w16_female_pituitary_n9","blu36.w16","female","pituitary","n9","female.pituitary.n9","charcterization",23.8315194988136,2.5903361264962
"blu37.r65.x_male_gonad_n5","blu37.r65.x","male","gonads","n5","male.gonad.n5","charcterization",-17.1404751594091,19.1744647362402
"blu37.r65.x_male_hypothalamus_n5","blu37.r65.x","male","hypothalamus","n5","male.hypothalamus.n5","charcterization",-11.9747411340187,-11.0755214233498
"blu37.r65.x_male_pituitary_n5","blu37.r65.x","male","pituitary","n5","male.pituitary.n5","charcterization",26.1433744290567,17.4907339524757
"blu38.g135.x_female_gonad_bldg","blu38.g135.x","female","gonads","bldg","female.gonad.bldg","charcterization",-14.9880447252602,9.10861594211444
"blu38.g135.x_female_hypothalamus_bldg","blu38.g135.x","female","hypothalamus","bldg","female.hypothalamus.bldg","charcterization",-5.03243754860092,-26.6916582457149
"blu38.g135.x_female_pituitary_bldg","blu38.g135.x","female","pituitary","bldg","female.pituitary.bldg","charcterization",4.17344962432398,23.4336257128422
"blu39.o26.x_female_gonad_inc.d3","blu39.o26.x","female","gonads","inc.d3","female.gonad.inc.d3","charcterization",-26.7327272054064,7.74525046724878
"blu39.o26.x_female_hypothalamus_inc.d3.NYNO","blu39.o26.x","female","hypothalamus","inc.d3","female.hypothalamus.inc.d3","charcterization",2.07101503078323,-9.74597563885203
"blu39.o26.x_female_pituitary_inc.d3.NYNO","blu39.o26.x","female","pituitary","inc.d3","female.pituitary.inc.d3","charcterization",29.4266908070969,-13.7733801536212
"blu41.y100.x_male_gonad_n5","blu41.y100.x","male","gonads","n5","male.gonad.n5","charcterization",-18.867587881301,17.9394125639745
"blu41.y100.x_male_hypothalamus_n5.NYNO","blu41.y100.x","male","hypothalamus","n5","male.hypothalamus.n5","charcterization",-15.1516321723793,-13.7338795058863
"blu41.y100.x_male_pituitary_n5","blu41.y100.x","male","pituitary","n5","male.pituitary.n5","charcterization",26.0631590639876,20.5615740199161
"blu47.y96.x_female_gonad_inc.d9","blu47.y96.x","female","gonads","inc.d9","female.gonad.inc.d9","charcterization",-33.1439421406045,2.3598128086023
"blu47.y96.x_female_hypothalamus_inc.d9","blu47.y96.x","female","hypothalamus","inc.d9","female.hypothalamus.inc.d9","charcterization",3.62008254678465,8.28989788417702
"blu47.y96.x_female_pituitary_inc.d9","blu47.y96.x","female","pituitary","inc.d9","female.pituitary.inc.d9","charcterization",17.9356145432464,-23.7044278490634
"blu55.g51_female_gonad_n5","blu55.g51","female","gonads","n5","female.gonad.n5","charcterization",-35.4179678075781,2.93558528212572
"blu55.g51_female_hypothalamus_n5","blu55.g51","female","hypothalamus","n5","female.hypothalamus.n5","charcterization",-10.9646037371313,-22.8374765023624
"blu55.g51_female_pituitary_n5","blu55.g51","female","pituitary","n5","female.pituitary.n5","charcterization",25.595093198189,14.8265484906506
"blu81.r88_male_gonad_n9","blu81.r88","male","gonads","n9","male.gonad.n9","charcterization",-9.60450237432451,34.9501710196226
"blu81.r88_male_hypothalamus_n9","blu81.r88","male","hypothalamus","n9","male.hypothalamus.n9","charcterization",2.20680469889878,17.727347086541
"blu81.r88_male_pituitary_n9","blu81.r88","male","pituitary","n9","male.pituitary.n9","charcterization",25.6811065571627,9.86577680476839
"d.s008.y.blk_male_gonad_n5","d.s008.y.blk","male","gonads","n5","male.gonad.n5","charcterization",-12.9104828167335,29.9623967707356
"d.s008.y.blk_male_hypothalamus_n5","d.s008.y.blk","male","hypothalamus","n5","male.hypothalamus.n5","charcterization",-7.71993212672915,-11.2944951471467
"d.s008.y.blk_male_pituitary_n5","d.s008.y.blk","male","pituitary","n5","male.pituitary.n5","charcterization",26.3490891705055,17.2492024334041
"d.s047.blk.o_male_gonad_n5","d.s047.blk.o","male","gonads","n5","male.gonad.n5","charcterization",-17.8234714608737,22.8007145890314
"d.s047.blk.o_male_hypothalamus_n5","d.s047.blk.o","male","hypothalamus","n5","male.hypothalamus.n5","charcterization",-4.6683505397806,-23.9355897861198
"d.s047.blk.o_male_pituitary_n5","d.s047.blk.o","male","pituitary","n5","male.pituitary.n5","charcterization",25.6595854603543,10.3943790314245
"g.blk.s004.pk_female_gonad_lay","g.blk.s004.pk","female","gonads","lay","female.gonad.lay","charcterization",-33.7450638696714,3.6006577702771
"g.blk.s004.pk_female_hypothalamus_lay","g.blk.s004.pk","female","hypothalamus","lay","female.hypothalamus.lay","charcterization",1.25312513953579,7.52637460248225
"g.blk.s004.pk_female_pituitary_lay","g.blk.s004.pk","female","pituitary","lay","female.pituitary.lay","charcterization",21.9357746112288,-21.0707369300687
"g.s.blk.d_male_gonad_n9","g.s.blk.d","male","gonads","n9","male.gonad.n9","charcterization",-19.6438685948503,20.5697988588588
"g.s.blk.d_male_hypothalamus_n9","g.s.blk.d","male","hypothalamus","n9","male.hypothalamus.n9","charcterization",2.40160042269828,-3.04782548834423
"g.s.blk.d_male_pituitary_n9","g.s.blk.d","male","pituitary","n9","male.pituitary.n9","charcterization",24.0997948938906,3.40591802628352
"g.s.blk.y_male_gonad_lay","g.s.blk.y","male","gonads","lay","male.gonad.lay","charcterization",-13.7502211807013,26.5117528477293
"g.s.blk.y_male_hypothalamus_lay","g.s.blk.y","male","hypothalamus","lay","male.hypothalamus.lay","charcterization",4.1479638422582,23.4135425944667
"g.s.blk.y_male_pituitary_lay","g.s.blk.y","male","pituitary","lay","male.pituitary.lay","charcterization",25.1009500551121,-14.1438518402383
"g.s043.pu.blk_male_gonad_lay","g.s043.pu.blk","male","gonads","lay","male.gonad.lay","charcterization",-1.85191512696371,41.3346035853874
"g.s043.pu.blk_male_hypothalamus_lay","g.s043.pu.blk","male","hypothalamus","lay","male.hypothalamus.lay","charcterization",-4.36312850888708,-18.9619168559576
"g.s043.pu.blk_male_pituitary_lay","g.s043.pu.blk","male","pituitary","lay","male.pituitary.lay","charcterization",35.5580968227994,-3.39876333454079
"g.s078.blk.o_female_gonad_lay","g.s078.blk.o","female","gonads","lay","female.gonad.lay","charcterization",-28.6608124626748,6.31908836503809
"g.s078.blk.o_female_hypothalamus_lay","g.s078.blk.o","female","hypothalamus","lay","female.hypothalamus.lay","charcterization",-11.4892714959283,-19.216086067343
"g.s078.blk.o_female_pituitary_lay","g.s078.blk.o","female","pituitary","lay","female.pituitary.lay","charcterization",29.4023923395317,-16.0276589853256
"g.x.ATLAS_female_gonad_control","g.x.ATLAS","female","gonads","control","female.gonad.control","charcterization",-35.1142052007056,-8.71430560651244
"g104.w82.x_male_gonad_bldg","g104.w82.x","male","gonads","bldg","male.gonad.bldg","charcterization",-18.2903899791484,18.6846343927937
"g104.w82.x_male_hypothalamus_bldg","g104.w82.x","male","hypothalamus","bldg","male.hypothalamus.bldg","charcterization",2.04434364886661,15.4335740232131
"g104.w82.x_male_pituitary_bldg","g104.w82.x","male","pituitary","bldg","male.pituitary.bldg","charcterization",22.7457638736799,-22.2193452560028
"g114.w83.x_male_gonad_hatch.NYNO","g114.w83.x","male","gonads","hatch","male.gonad.hatch","charcterization",1.16726026884728,40.7163509608124
"g114.w83.x_male_hypothalamus_hatch","g114.w83.x","male","hypothalamus","hatch","male.hypothalamus.hatch","charcterization",-0.882940475342941,-22.2937068999731
"g114.w83.x_male_pituitary_hatch.NYNO","g114.w83.x","male","pituitary","hatch","male.pituitary.hatch","charcterization",28.1273128991098,6.26097792358858
"g130.y81.x_male_gonad_inc.d17","g130.y81.x","male","gonads","inc.d17","male.gonad.inc.d17","charcterization",-14.1573637616124,9.96924955159764
"g130.y81.x_male_hypothalamus_inc.d17","g130.y81.x","male","hypothalamus","inc.d17","male.hypothalamus.inc.d17","charcterization",-10.7435448192575,-20.079191909832
"g130.y81.x_male_pituitary_inc.d17","g130.y81.x","male","pituitary","inc.d17","male.pituitary.inc.d17","charcterization",26.2153436404631,21.1827590396254
"g141.blu27.x_female_gonad_bldg","g141.blu27.x","female","gonads","bldg","female.gonad.bldg","charcterization",-25.0311268373867,-1.6048442488052
"g141.blu27.x_female_hypothalamus_bldg","g141.blu27.x","female","hypothalamus","bldg","female.hypothalamus.bldg","charcterization",-10.7795499135675,-24.1437725417316
"g141.blu27.x_female_pituitary_bldg","g141.blu27.x","female","pituitary","bldg","female.pituitary.bldg","charcterization",20.3944828366363,-27.4307848277386
"g142.r40.x_female_gonad_inc.d17","g142.r40.x","female","gonads","inc.d17","female.gonad.inc.d17","charcterization",-28.8390411404352,5.62077005721356
"g142.r40.x_female_hypothalamus_inc.d17","g142.r40.x","female","hypothalamus","inc.d17","female.hypothalamus.inc.d17","charcterization",-15.5091630589543,-6.70553198236807
"g142.r40.x_female_pituitary_inc.d17","g142.r40.x","female","pituitary","inc.d17","female.pituitary.inc.d17","charcterization",25.601808573383,17.4506720767262
"g143.blu32.x_male_gonad_inc.d17","g143.blu32.x","male","gonads","inc.d17","male.gonad.inc.d17","charcterization",-0.620429314677548,41.3552854036086
"g143.blu32.x_male_hypothalamus_inc.d17","g143.blu32.x","male","hypothalamus","inc.d17","male.hypothalamus.inc.d17","charcterization",-11.8972139800379,-17.3001906024722
"g143.blu32.x_male_pituitary_inc.d17","g143.blu32.x","male","pituitary","inc.d17","male.pituitary.inc.d17","charcterization",35.3299142446625,0.0563780488030245
"g146.blu51_male_gonad_inc.d3","g146.blu51","male","gonads","inc.d3","male.gonad.inc.d3","charcterization",-18.1716362712492,22.0218796158779
"g146.blu51_male_hypothalamus_inc.d3.NYNO","g146.blu51","male","hypothalamus","inc.d3","male.hypothalamus.inc.d3","charcterization",-12.8973614787091,-7.85441768501678
"g146.blu51_male_pituitary_inc.d3","g146.blu51","male","pituitary","inc.d3","male.pituitary.inc.d3","charcterization",30.3800601476829,-17.9680729814658
"g20.w106.x_male_gonad_inc.d3","g20.w106.x","male","gonads","inc.d3","male.gonad.inc.d3","charcterization",2.38533631177839,39.0878608131517
"g20.w106.x_male_hypothalamus_inc.d3","g20.w106.x","male","hypothalamus","inc.d3","male.hypothalamus.inc.d3","charcterization",3.00366033152453,11.8848243801441
"g20.w106.x_male_pituitary_inc.d3","g20.w106.x","male","pituitary","inc.d3","male.pituitary.inc.d3","charcterization",33.9452647601422,0.370518304855813
"g52.blu58_male_gonad_bldg","g52.blu58","male","gonads","bldg","male.gonad.bldg","charcterization",-18.6300011661972,16.4943787503334
"g52.blu58_male_hypothalamus_bldg","g52.blu58","male","hypothalamus","bldg","male.hypothalamus.bldg","charcterization",-15.6498474927356,-14.047216165043
"g52.blu58_male_pituitary_bldg","g52.blu58","male","pituitary","bldg","male.pituitary.bldg","charcterization",18.2880363314183,-25.9149543518551
"g53.y84_male_gonad_hatch","g53.y84","male","gonads","hatch","male.gonad.hatch","charcterization",-8.26492404831689,35.6648174598881
"g53.y84_male_hypothalamus_hatch","g53.y84","male","hypothalamus","hatch","male.hypothalamus.hatch","charcterization",4.03422782177363,-10.0596442638466
"g53.y84_male_pituitary_hatch","g53.y84","male","pituitary","hatch","male.pituitary.hatch","charcterization",21.9587385399899,19.6209733398618
"g6.w197.x_female_gonad_inc.d3","g6.w197.x","female","gonads","inc.d3","female.gonad.inc.d3","charcterization",-24.9502073092031,7.09907535788283
"g6.w197.x_female_hypothalamus_inc.d3","g6.w197.x","female","hypothalamus","inc.d3","female.hypothalamus.inc.d3","charcterization",-8.51755580821685,-8.33608810878979
"g6.w197.x_female_pituitary_inc.d3","g6.w197.x","female","pituitary","inc.d3","female.pituitary.inc.d3","charcterization",19.8307081898642,-21.3799477932628
"g75.x_female_gonad_inc.d9","g75.x","female","gonads","inc.d9","female.gonad.inc.d9","charcterization",-34.8630606834848,-5.91975530595383
"g75.x_female_hypothalamus_inc.d9","g75.x","female","hypothalamus","inc.d9","female.hypothalamus.inc.d9","charcterization",-8.94332926195186,-23.5579752028111
"g75.x_female_pituitary_inc.d9","g75.x","female","pituitary","inc.d9","female.pituitary.inc.d9","charcterization",24.2720179979641,-18.6214090642506
"l.s120.y.blk_female_gonad_bldg","l.s120.y.blk","female","gonads","bldg","female.gonad.bldg","charcterization",-36.7088841983581,-5.33070939072317
"l.s120.y.blk_female_hypothalamus_bldg","l.s120.y.blk","female","hypothalamus","bldg","female.hypothalamus.bldg","charcterization",-5.1577532098115,-26.4765084935399
"l.s120.y.blk_female_pituitary_bldg","l.s120.y.blk","female","pituitary","bldg","female.pituitary.bldg","charcterization",22.9836624258561,-22.1733386613985
"o.s.w.r_male_gonad_lay","o.s.w.r","male","gonads","lay","male.gonad.lay","charcterization",1.86419576144042,40.4909514417845
"o.s.w.r_male_hypothalamus_lay","o.s.w.r","male","hypothalamus","lay","male.hypothalamus.lay","charcterization",-10.2025691140809,-9.57792037671016
"o.s.w.r_male_pituitary_lay","o.s.w.r","male","pituitary","lay","male.pituitary.lay","charcterization",34.1369436172456,0.453496784196763
"o152.o120.w42_male_gonad_n5","o152.o120.w42","male","gonads","n5","male.gonad.n5","charcterization",-11.2132982673618,33.7535933289153
"o152.o120.w42_male_hypothalamus_n5","o152.o120.w42","male","hypothalamus","n5","male.hypothalamus.n5","charcterization",-12.084907344332,-12.5555361325876
"o152.o120.w42_male_pituitary_n5","o152.o120.w42","male","pituitary","n5","male.pituitary.n5","charcterization",20.6546016126502,7.33369271986795
"o156.w80.x_female_gonad_inc.d3","o156.w80.x","female","gonads","inc.d3","female.gonad.inc.d3","charcterization",1.0041311948689,21.6200796343795
"o156.w80.x_female_hypothalamus_inc.d3","o156.w80.x","female","hypothalamus","inc.d3","female.hypothalamus.inc.d3","charcterization",-11.2344696717713,-23.0866434624106
"o156.w80.x_female_pituitary_inc.d3","o156.w80.x","female","pituitary","inc.d3","female.pituitary.inc.d3","charcterization",18.2289915251142,-23.1972816120421
"o165.w122.x_female_gonad_inc.d3.NYNO","o165.w122.x","female","gonads","inc.d3","female.gonad.inc.d3","charcterization",-34.74854276308,-7.96246578533509
"o165.w122.x_female_hypothalamus_inc.d3","o165.w122.x","female","hypothalamus","inc.d3","female.hypothalamus.inc.d3","charcterization",4.32963431644466,-5.63142929592864
"o165.w122.x_female_pituitary_inc.d3.NYNO","o165.w122.x","female","pituitary","inc.d3","female.pituitary.inc.d3","charcterization",35.5831183644295,-3.7637293541121
"o172.w115.x_female_gonad_hatch","o172.w115.x","female","gonads","hatch","female.gonad.hatch","charcterization",-26.6659567964976,6.27851752981976
"o172.w115.x_female_hypothalamus_hatch","o172.w115.x","female","hypothalamus","hatch","female.hypothalamus.hatch","charcterization",-2.52324921626494,-23.2915138157639
"o172.w115.x_female_pituitary_hatch.NYNO","o172.w115.x","female","pituitary","hatch","female.pituitary.hatch","charcterization",18.3639005029191,23.7787551883115
"o173.w179.x_female_gonad_inc.d3","o173.w179.x","female","gonads","inc.d3","female.gonad.inc.d3","charcterization",-32.8232074780404,3.21032946780467
"o173.w179.x_female_hypothalamus_inc.d3","o173.w179.x","female","hypothalamus","inc.d3","female.hypothalamus.inc.d3","charcterization",-8.46684468517992,-24.0661848469969
"o173.w179.x_female_pituitary_inc.d3","o173.w179.x","female","pituitary","inc.d3","female.pituitary.inc.d3","charcterization",22.8764403201395,-17.3582574374092
"o35.r51.x_female_gonad_inc.d17","o35.r51.x","female","gonads","inc.d17","female.gonad.inc.d17","charcterization",-15.6118664502639,9.43980926795106
"o35.r51.x_female_hypothalamus_inc.d17","o35.r51.x","female","hypothalamus","inc.d17","female.hypothalamus.inc.d17","charcterization",-6.33759101287636,-21.252740931225
"o35.r51.x_female_pituitary_inc.d17","o35.r51.x","female","pituitary","inc.d17","female.pituitary.inc.d17","charcterization",19.4484445025785,5.45692746554683
"o38.blu29.x_female_gonad_bldg","o38.blu29.x","female","gonads","bldg","female.gonad.bldg","charcterization",-25.1740602636272,-1.94576766623972
"o38.blu29.x_female_hypothalamus_bldg","o38.blu29.x","female","hypothalamus","bldg","female.hypothalamus.bldg","charcterization",-15.7601227272291,-17.276923061112
"o38.blu29.x_female_pituitary_bldg","o38.blu29.x","female","pituitary","bldg","female.pituitary.bldg","charcterization",20.393232251579,-26.728808625319
"o39.y77.x_male_gonad_hatch","o39.y77.x","male","gonads","hatch","male.gonad.hatch","charcterization",-17.9168558415224,18.9099355927125
"o39.y77.x_male_hypothalamus_hatch","o39.y77.x","male","hypothalamus","hatch","male.hypothalamus.hatch","charcterization",1.90716092340984,14.6316322366959
"o39.y77.x_male_pituitary_hatch","o39.y77.x","male","pituitary","hatch","male.pituitary.hatch","charcterization",25.5973822606609,21.7846728028006
"o44.blu26.x_male_gonad_hatch","o44.blu26.x","male","gonads","hatch","male.gonad.hatch","charcterization",-14.9690588964704,25.5030399278157
"o44.blu26.x_male_hypothalamus_hatch","o44.blu26.x","male","hypothalamus","hatch","male.hypothalamus.hatch","charcterization",2.14922688814507,-2.55786512393063
"o44.blu26.x_male_pituitary_hatch","o44.blu26.x","male","pituitary","hatch","male.pituitary.hatch","charcterization",21.3086787182094,17.0508092065809
"o48.r197.x_male_gonad_inc.d3","o48.r197.x","male","gonads","inc.d3","male.gonad.inc.d3","charcterization",-19.5662363899733,13.1150466228039
"o48.r197.x_male_hypothalamus_inc.d3","o48.r197.x","male","hypothalamus","inc.d3","male.hypothalamus.inc.d3","charcterization",-13.0706668249632,-7.24465022396985
"o48.r197.x_male_pituitary_inc.d3","o48.r197.x","male","pituitary","inc.d3","male.pituitary.inc.d3","charcterization",21.3145452985628,-20.9751315006117
"o49.x_male_gonad_inc.d9","o49.x","male","gonads","inc.d9","male.gonad.inc.d9","charcterization",-18.502163996991,21.2465049027171
"o49.x_male_hypothalamus_inc.d9","o49.x","male","hypothalamus","inc.d9","male.hypothalamus.inc.d9","charcterization",1.3821208374094,1.06455620984462
"o49.x_male_pituitary_inc.d9","o49.x","male","pituitary","inc.d9","male.pituitary.inc.d9","charcterization",15.8770262821281,-23.0797506631804
"o52.blu53_female_gonad_inc.d17","o52.blu53","female","gonads","inc.d17","female.gonad.inc.d17","charcterization",-40.2014943766093,-12.9388399264042
"o52.blu53_female_hypothalamus_inc.d17","o52.blu53","female","hypothalamus","inc.d17","female.hypothalamus.inc.d17","charcterization",-10.0575886858677,-23.297161193171
"o52.blu53_female_pituitary_inc.d17","o52.blu53","female","pituitary","inc.d17","female.pituitary.inc.d17","charcterization",21.3009197616471,15.6531374126797
"o57.g59_male_gonad_inc.d9","o57.g59","male","gonads","inc.d9","male.gonad.inc.d9","charcterization",-17.9923765086686,17.3138110892245
"o57.g59_male_hypothalamus_inc.d9","o57.g59","male","hypothalamus","inc.d9","male.hypothalamus.inc.d9","charcterization",1.43301347385988,4.54099263736273
"o57.g59_male_pituitary_inc.d9","o57.g59","male","pituitary","inc.d9","male.pituitary.inc.d9","charcterization",19.9645705274582,-19.5053679655347
"o73.x_female_gonad_inc.d9","o73.x","female","gonads","inc.d9","female.gonad.inc.d9","charcterization",-33.1341226851064,1.65110132865389
"o73.x_female_hypothalamus_inc.d9","o73.x","female","hypothalamus","inc.d9","female.hypothalamus.inc.d9","charcterization",-11.0064865645556,-14.2940160413228
"o73.x_female_pituitary_inc.d9","o73.x","female","pituitary","inc.d9","female.pituitary.inc.d9","charcterization",24.2758801713643,-14.2696239200622
"pk.s238.blk.w_male_gonad_lay","pk.s238.blk.w","male","gonads","lay","male.gonad.lay","charcterization",-4.03354845091318,40.8033067606294
"pk.s238.blk.w_male_hypothalamus_lay","pk.s238.blk.w","male","hypothalamus","lay","male.hypothalamus.lay","charcterization",-10.5225103649881,-14.0522547482917
"pk.s238.blk.w_male_pituitary_lay","pk.s238.blk.w","male","pituitary","lay","male.pituitary.lay","charcterization",24.9685960181884,-13.4888128344857
"pk.w.s141.o_male_gonad_lay","pk.w.s141.o","male","gonads","lay","male.gonad.lay","charcterization",-0.103858957044057,38.1971044002912
"pk.w.s141.o_male_hypothalamus_lay","pk.w.s141.o","male","hypothalamus","lay","male.hypothalamus.lay","charcterization",2.04803013846768,5.1315439671777
"pk.w.s141.o_male_pituitary_lay","pk.w.s141.o","male","pituitary","lay","male.pituitary.lay","charcterization",35.1482149792219,-0.957691707232615
"r.r.x.ATLAS.R2XR_female_gonad_control","r.r.x.ATLAS.R2XR","female","gonads","control","female.gonad.control","charcterization",-35.3291869222449,-16.8237518714793
"r.r.x.ATLAS.R2XR_female_hypothalamus_control","r.r.x.ATLAS.R2XR","female","hypothalamus","control","female.hypothalamus.control","charcterization",-0.995741655171484,-37.5529723777949
"r.r.x.ATLAS.R2XR_female_pituitary_control","r.r.x.ATLAS.R2XR","female","pituitary","control","female.pituitary.control","charcterization",29.0271044282707,4.58860631818797
"r.r.x.ATLAS_female_gonad_control","r.r.x.ATLAS","female","gonads","control","female.gonad.control","charcterization",-35.0554403810196,-13.9089498860571
"r.r.x.ATLAS_female_hypothalamus_control","r.r.x.ATLAS","female","hypothalamus","control","female.hypothalamus.control","charcterization",-0.995658008380946,-37.5531024647957
"r.r.x.ATLAS_female_pituitary_control","r.r.x.ATLAS","female","pituitary","control","female.pituitary.control","charcterization",-8.21165164416837,-34.94412831657
"r.s005.pk.blk_male_gonad_lay","r.s005.pk.blk","male","gonads","lay","male.gonad.lay","charcterization",-14.1679738146561,26.5965948715199
"r.s005.pk.blk_male_hypothalamus_lay","r.s005.pk.blk","male","hypothalamus","lay","male.hypothalamus.lay","charcterization",2.38272608120472,-0.898885289569153
"r.s005.pk.blk_male_pituitary_lay","r.s005.pk.blk","male","pituitary","lay","male.pituitary.lay","charcterization",28.5848965531192,-16.6155993445194
"r.s056.g.o_female_gonad_bldg","r.s056.g.o","female","gonads","bldg","female.gonad.bldg","charcterization",-27.5060276994164,-6.05015995631121
"r.s056.g.o_female_hypothalamus_bldg","r.s056.g.o","female","hypothalamus","bldg","female.hypothalamus.bldg","charcterization",2.16392353113699,-9.34693205627108
"r.s056.g.o_female_pituitary_bldg","r.s056.g.o","female","pituitary","bldg","female.pituitary.bldg","charcterization",31.3296926939992,-14.9023083585918
"r.s059.d.o_male_gonad_bldg","r.s059.d.o","male","gonads","bldg","male.gonad.bldg","charcterization",-7.86721599262938,35.6760346130234
"r.s059.d.o_male_hypothalamus_bldg","r.s059.d.o","male","hypothalamus","bldg","male.hypothalamus.bldg","charcterization",3.61312198156766,-3.47607071397335
"r.s059.d.o_male_pituitary_bldg","r.s059.d.o","male","pituitary","bldg","male.pituitary.bldg","charcterization",27.7204008353766,-15.0205824202188
"r.s116.blk.pu_male_gonad_lay","r.s116.blk.pu","male","gonads","lay","male.gonad.lay","charcterization",-1.46564094207944,42.3923238124758
"r.s116.blk.pu_male_hypothalamus_lay","r.s116.blk.pu","male","hypothalamus","lay","male.hypothalamus.lay","charcterization",-2.16861257199303,-22.6541345133086
"r.s116.blk.pu_male_pituitary_lay","r.s116.blk.pu","male","pituitary","lay","male.pituitary.lay","charcterization",37.9652544357525,-2.80817740513825
"r.s171.l.w_female_gonad_n9","r.s171.l.w","female","gonads","n9","female.gonad.n9","charcterization",-38.1302907328027,-14.0515725174143
"r.s171.l.w_female_hypothalamus_n9","r.s171.l.w","female","hypothalamus","n9","female.hypothalamus.n9","charcterization",-13.2417850823552,-17.4304313789209
"r.s171.l.w_female_pituitary_n9","r.s171.l.w","female","pituitary","n9","female.pituitary.n9","charcterization",28.0311507395414,6.4584108147942
"r.y.s007.blk_male_gonad_n9","r.y.s007.blk","male","gonads","n9","male.gonad.n9","charcterization",-17.804135196404,14.3264046352399
"r.y.s007.blk_male_hypothalamus_n9","r.y.s007.blk","male","hypothalamus","n9","male.hypothalamus.n9","charcterization",1.08609362229783,3.10002722253459
"r.y.s007.blk_male_pituitary_n9","r.y.s007.blk","male","pituitary","n9","male.pituitary.n9","charcterization",23.6433560634119,3.47853946592887
"r176.blu54_male_gonad_inc.d17","r176.blu54","male","gonads","inc.d17","male.gonad.inc.d17","charcterization",-0.914066383721033,40.4556723933925
"r176.blu54_male_hypothalamus_inc.d17","r176.blu54","male","hypothalamus","inc.d17","male.hypothalamus.inc.d17","charcterization",1.12315495189179,8.3997057813468
"r176.blu54_male_pituitary_inc.d17","r176.blu54","male","pituitary","inc.d17","male.pituitary.inc.d17","charcterization",25.7554115322697,10.9964387394676
"r183.o22_female_gonad_hatch","r183.o22","female","gonads","hatch","female.gonad.hatch","charcterization",-35.7357887234914,-7.98986993065362
"r183.o22_female_hypothalamus_hatch","r183.o22","female","hypothalamus","hatch","female.hypothalamus.hatch","charcterization",0.184872051401461,-22.5884358783182
"r183.o22_female_pituitary_hatch","r183.o22","female","pituitary","hatch","female.pituitary.hatch","charcterization",18.5491608841768,7.03053472244475
"r190.o43.x_male_gonad_lay","r190.o43.x","male","gonads","lay","male.gonad.lay","charcterization",0.210141722768795,40.7064747824896
"r190.o43.x_male_hypothalamus_lay","r190.o43.x","male","hypothalamus","lay","male.hypothalamus.lay","charcterization",-9.11536389045803,-26.0238842549328
"r190.o43.x_male_pituitary_lay","r190.o43.x","male","pituitary","lay","male.pituitary.lay","charcterization",35.4225120768764,0.858228399472984
"r195.x_male_gonad_n9","r195.x","male","gonads","n9","male.gonad.n9","charcterization",-13.3152181796469,30.1662102339613
"r195.x_male_hypothalamus_n9","r195.x","male","hypothalamus","n9","male.hypothalamus.n9","charcterization",-13.9010181963684,-16.4109589713037
"r195.x_male_pituitary_n9","r195.x","male","pituitary","n9","male.pituitary.n9","charcterization",24.0269809957819,2.88136634481669
"r27.w111.blu125_female_gonad_inc.d3","r27.w111.blu125","female","gonads","inc.d3","female.gonad.inc.d3","charcterization",-40.6876980477592,-12.3737503772312
"r27.w111.blu125_female_hypothalamus_inc.d3","r27.w111.blu125","female","hypothalamus","inc.d3","female.hypothalamus.inc.d3","charcterization",-13.0639772099455,-7.15540289200987
"r27.w111.blu125_female_pituitary_inc.d3","r27.w111.blu125","female","pituitary","inc.d3","female.pituitary.inc.d3","charcterization",34.9909955052153,-5.90718075286938
"r30.w112.r46_female_gonad_inc.d9","r30.w112.r46","female","gonads","inc.d9","female.gonad.inc.d9","charcterization",-33.2148155370933,1.70690079380143
"r30.w112.r46_female_hypothalamus_inc.d9","r30.w112.r46","female","hypothalamus","inc.d9","female.hypothalamus.inc.d9","charcterization",1.31793952676645,10.4555576483804
"r30.w112.r46_female_pituitary_inc.d9","r30.w112.r46","female","pituitary","inc.d9","female.pituitary.inc.d9","charcterization",16.6190651844256,-26.9993986931973
"r36.w184.x_female_gonad_inc.d9","r36.w184.x","female","gonads","inc.d9","female.gonad.inc.d9","charcterization",-35.8562240793784,-1.52163031152617
"r36.w184.x_female_hypothalamus_inc.d9","r36.w184.x","female","hypothalamus","inc.d9","female.hypothalamus.inc.d9","charcterization",3.00516746107901,3.35698211206726
"r36.w184.x_female_pituitary_inc.d9","r36.w184.x","female","pituitary","inc.d9","female.pituitary.inc.d9","charcterization",17.8329611565655,-20.6677763261995
"r37.w100.x_male_gonad_n9","r37.w100.x","male","gonads","n9","male.gonad.n9","charcterization",-17.2262027945026,19.168572520056
"r37.w100.x_male_hypothalamus_n9","r37.w100.x","male","hypothalamus","n9","male.hypothalamus.n9","charcterization",4.06428997600248,0.755658272038132
"r37.w100.x_male_pituitary_n9","r37.w100.x","male","pituitary","n9","male.pituitary.n9","charcterization",26.7541582348852,-16.5052210064428
"r41.w99.x_male_gonad_hatch","r41.w99.x","male","gonads","hatch","male.gonad.hatch","charcterization",-18.7699012883628,14.2771507241632
"r41.w99.x_male_hypothalamus_hatch","r41.w99.x","male","hypothalamus","hatch","male.hypothalamus.hatch","charcterization",3.53046729969669,-0.188322540248738
"r41.w99.x_male_pituitary_hatch","r41.w99.x","male","pituitary","hatch","male.pituitary.hatch","charcterization",23.6783241747906,23.1356164611451
"r45.X_male_gonad_inc.d9","r45.X","male","gonads","inc.d9","male.gonad.inc.d9","charcterization",-18.6105471442404,14.1183387912436
"r45.X_male_pituitary_inc.d9","r45.X","male","pituitary","inc.d9","male.pituitary.inc.d9","charcterization",18.6324090065055,-23.5241172482241
"r45.x_male_hypothalamus_inc.d9","r45.x","male","hypothalamus","inc.d9","male.hypothalamus.inc.d9","charcterization",0.297752119687797,3.08634895115192
"r49.w189.x_female_gonad_inc.d17","r49.w189.x","female","gonads","inc.d17","female.gonad.inc.d17","charcterization",-34.4876112651047,-1.44988659999703
"r49.w189.x_female_hypothalamus_inc.d17","r49.w189.x","female","hypothalamus","inc.d17","female.hypothalamus.inc.d17","charcterization",4.06368485526042,0.9487531346348
"r49.w189.x_female_pituitary_inc.d17","r49.w189.x","female","pituitary","inc.d17","female.pituitary.inc.d17","charcterization",26.1731909540525,22.0023544603132
"r6.x_female_gonad_control.NYNO","r6.x","female","gonads","control","female.gonad.control","charcterization",-37.0337729341099,-13.7447735619665
"r6.x_female_hypothalamus_control.NYNO","r6.x","female","hypothalamus","control","female.hypothalamus.control","charcterization",-4.64984750565663,-29.7593699849691
"r6.x_female_pituitary_control","r6.x","female","pituitary","control","female.pituitary.control","charcterization",37.5912521830001,-1.76830689982387
"r72.y83.x_male_gonad_hatch","r72.y83.x","male","gonads","hatch","male.gonad.hatch","charcterization",-14.5384885337847,29.5394927985605
"r72.y83.x_male_hypothalamus_hatch","r72.y83.x","male","hypothalamus","hatch","male.hypothalamus.hatch","charcterization",2.27149053125663,13.6503696132997
"r72.y83.x_male_pituitary_hatch","r72.y83.x","male","pituitary","hatch","male.pituitary.hatch","charcterization",24.4529815701828,20.8331305833245
"r73.g127.x_female_gonad_inc.d3","r73.g127.x","female","gonads","inc.d3","female.gonad.inc.d3","charcterization",-13.5319369472921,8.69398775051926
"r73.g127.x_female_hypothalamus_inc.d3","r73.g127.x","female","hypothalamus","inc.d3","female.hypothalamus.inc.d3","charcterization",3.26841736828553,9.04436072815529
"r73.g127.x_female_pituitary_inc.d3","r73.g127.x","female","pituitary","inc.d3","female.pituitary.inc.d3","charcterization",18.8115984111078,-23.9819134508439
"r83.g45_female_gonad_bldg","r83.g45","female","gonads","bldg","female.gonad.bldg","charcterization",-24.8975923727135,9.00254358135601
"r83.g45_female_hypothalamus_bldg","r83.g45","female","hypothalamus","bldg","female.hypothalamus.bldg","charcterization",2.50723423551411,17.8607117961814
"r83.g45_female_pituitary_bldg","r83.g45","female","pituitary","bldg","female.pituitary.bldg","charcterization",31.4575882907201,-14.8064082515135
"r95.blu99_female_gonad_n9","r95.blu99","female","gonads","n9","female.gonad.n9","charcterization",-36.3100565706487,-4.72380216537846
"r95.blu99_female_hypothalamus_n9","r95.blu99","female","hypothalamus","n9","female.hypothalamus.n9","charcterization",-4.6406075345091,-29.7505115525155
"r95.blu99_female_pituitary_n9","r95.blu99","female","pituitary","n9","female.pituitary.n9","charcterization",26.4706216187157,7.44670945403424
"s.o.pk_female_gonad_lay","s.o.pk","female","gonads","lay","female.gonad.lay","charcterization",-35.2187078730041,-7.73574461548314
"s.o.pk_female_hypothalamus_lay","s.o.pk","female","hypothalamus","lay","female.hypothalamus.lay","charcterization",-7.13839950050088,-27.2083319396604
"s.o.pk_female_pituitary_lay","s.o.pk","female","pituitary","lay","female.pituitary.lay","charcterization",34.0313940308598,-2.93535478131407
"s.pu148.blk.r_male_gonad_bldg","s.pu148.blk.r","male","gonads","bldg","male.gonad.bldg","charcterization",-11.7183609229722,32.3277395518769
"s.pu148.blk.r_male_hypothalamus_bldg","s.pu148.blk.r","male","hypothalamus","bldg","male.hypothalamus.bldg","charcterization",2.90899523937923,-9.20559300051318
"s.pu148.blk.r_male_pituitary_bldg","s.pu148.blk.r","male","pituitary","bldg","male.pituitary.bldg","charcterization",28.5309692386705,-15.7893325455405
"s.x.ATLAS_female_gonad_control","s.x.ATLAS","female","gonads","control","female.gonad.control","charcterization",-36.510983828776,-11.8334715438984
"s.x.ATLAS_female_hypothalamus_control","s.x.ATLAS","female","hypothalamus","control","female.hypothalamus.control","charcterization",-0.276181916968703,-39.0001944489907
"s.x.ATLAS_female_pituitary_control","s.x.ATLAS","female","pituitary","control","female.pituitary.control","charcterization",-8.27265183464148,-35.0095022162737
"s063.d.blk.l_female_gonad_bldg","s063.d.blk.l","female","gonads","bldg","female.gonad.bldg","charcterization",-35.5572457266838,-7.43128805701576
"s063.d.blk.l_female_hypothalamus_bldg","s063.d.blk.l","female","hypothalamus","bldg","female.hypothalamus.bldg","charcterization",2.79817115699817,-11.0381392838944
"s063.d.blk.l_female_pituitary_bldg","s063.d.blk.l","female","pituitary","bldg","female.pituitary.bldg","charcterization",30.9650723451478,-18.7523392589329
"s065.l.d.o_male_gonad_bldg","s065.l.d.o","male","gonads","bldg","male.gonad.bldg","charcterization",-11.8544003959274,34.2676378940646
"s065.l.d.o_male_hypothalamus_bldg","s065.l.d.o","male","hypothalamus","bldg","male.hypothalamus.bldg","charcterization",-8.7500117060235,-26.1000218854764
"s065.l.d.o_male_pituitary_bldg","s065.l.d.o","male","pituitary","bldg","male.pituitary.bldg","charcterization",22.5245839339239,-19.9930477707156
"s066.l.d.r_male_gonad_bldg","s066.l.d.r","male","gonads","bldg","male.gonad.bldg","charcterization",-9.03395753236956,35.1051794126001
"s066.l.d.r_male_hypothalamus_bldg","s066.l.d.r","male","hypothalamus","bldg","male.hypothalamus.bldg","charcterization",-1.45564799276235,-20.8918466512525
"s066.l.d.r_male_pituitary_bldg","s066.l.d.r","male","pituitary","bldg","male.pituitary.bldg","charcterization",28.8826300135527,-15.3476594285137
"s092.blk.r.o_female_gonad_bldg","s092.blk.r.o","female","gonads","bldg","female.gonad.bldg","charcterization",-37.9967477632246,-8.38842216863855
"s092.blk.r.o_female_hypothalamus_bldg","s092.blk.r.o","female","hypothalamus","bldg","female.hypothalamus.bldg","charcterization",0.342437711965389,-8.61334000715585
"s092.blk.r.o_female_pituitary_bldg","s092.blk.r.o","female","pituitary","bldg","female.pituitary.bldg","charcterization",29.031552734474,-16.3168440838477
"s095.g.blk.o_female_gonad_lay","s095.g.blk.o","female","gonads","lay","female.gonad.lay","charcterization",-25.6238149013823,-3.07523082925276
"s095.g.blk.o_female_hypothalamus_lay","s095.g.blk.o","female","hypothalamus","lay","female.hypothalamus.lay","charcterization",2.09783641143403,3.35335029783402
"s095.g.blk.o_female_pituitary_lay","s095.g.blk.o","female","pituitary","lay","female.pituitary.lay","charcterization",18.5270838450757,-25.8174119949735
"s136.d.w.o_female_gonad_lay","s136.d.w.o","female","gonads","lay","female.gonad.lay","charcterization",-38.4526978644241,-14.4681338431304
"s136.d.w.o_female_hypothalamus_lay","s136.d.w.o","female","hypothalamus","lay","female.hypothalamus.lay","charcterization",-10.5674378673733,-9.09736114216696
"s136.d.w.o_female_pituitary_lay","s136.d.w.o","female","pituitary","lay","female.pituitary.lay","charcterization",33.6116116139502,-1.89144114233325
"s142.o.pk.pu_female_gonad_lay","s142.o.pk.pu","female","gonads","lay","female.gonad.lay","charcterization",-26.2629525107989,-5.01958630881794
"s142.o.pk.pu_female_hypothalamus_lay","s142.o.pk.pu","female","hypothalamus","lay","female.hypothalamus.lay","charcterization",-9.0338404511528,-19.66470029923
"s142.o.pk.pu_female_pituitary_lay","s142.o.pk.pu","female","pituitary","lay","female.pituitary.lay","charcterization",33.9794170347488,-3.80516097846431
"s150.w.g.blk_male_gonad_lay","s150.w.g.blk","male","gonads","lay","male.gonad.lay","charcterization",-0.942119687525307,41.4292098195866
"s150.w.g.blk_male_hypothalamus_lay","s150.w.g.blk","male","hypothalamus","lay","male.hypothalamus.lay","charcterization",-5.13350468275919,-23.5915384587757
"s150.w.g.blk_male_pituitary_lay","s150.w.g.blk","male","pituitary","lay","male.pituitary.lay","charcterization",36.8827137594974,-0.0916081663531844
"s176.blk.pu.r_female_gonad_lay","s176.blk.pu.r","female","gonads","lay","female.gonad.lay","charcterization",-35.8122510433039,-15.1721443414417
"s176.blk.pu.r_female_hypothalamus_lay","s176.blk.pu.r","female","hypothalamus","lay","female.hypothalamus.lay","charcterization",-0.174597406108051,-22.0409287187101
"s176.blk.pu.r_female_pituitary_lay","s176.blk.pu.r","female","pituitary","lay","female.pituitary.lay","charcterization",36.9149603233109,-2.2707676389936
"s187.l.o.r_male_gonad_n9","s187.l.o.r","male","gonads","n9","male.gonad.n9","charcterization",-0.835822621515087,41.0870690168975
"s187.l.o.r_male_hypothalamus_n9","s187.l.o.r","male","hypothalamus","n9","male.hypothalamus.n9","charcterization",-11.6543603767465,-13.3839651887544
"s187.l.o.r_male_pituitary_n9","s187.l.o.r","male","pituitary","n9","male.pituitary.n9","charcterization",29.5354574828709,4.04199696793932
"s243.blk.pk.r_male_gonad_lay","s243.blk.pk.r","male","gonads","lay","male.gonad.lay","charcterization",-14.3628188967106,26.5672356256949
"s243.blk.pk.r_male_hypothalamus_lay","s243.blk.pk.r","male","hypothalamus","lay","male.hypothalamus.lay","charcterization",3.85925530655298,9.49988691128821
"s243.blk.pk.r_male_pituitary_lay","s243.blk.pk.r","male","pituitary","lay","male.pituitary.lay","charcterization",21.4669834966384,-19.189588741974
"w191.r1_female_gonad_control","w191.r1","female","gonads","control","female.gonad.control","charcterization",-37.8526309445166,-13.3655282734624
"w191.r1_female_hypothalamus_control","w191.r1","female","hypothalamus","control","female.hypothalamus.control","charcterization",-4.58106681086287,-31.6375071231497
"w191.r1_female_pituitary_control","w191.r1","female","pituitary","control","female.pituitary.control","charcterization",37.4441498133753,-1.0693034281151
"w34.x_male_gonad_inc.d9","w34.x","male","gonads","inc.d9","male.gonad.inc.d9","charcterization",-18.0242724395163,17.6475967416283
"w34.x_male_hypothalamus_inc.d9","w34.x","male","hypothalamus","inc.d9","male.hypothalamus.inc.d9","charcterization",0.923166412135109,12.500934737414
"w34.x_male_pituitary_inc.d9","w34.x","male","pituitary","inc.d9","male.pituitary.inc.d9","charcterization",19.9932216430156,-19.5558252604399
"x.blk.blk.ATLAS_male_gonad_control","x.blk.blk.ATLAS","male","gonads","control","male.gonad.control","charcterization",-3.86241429311098,44.3842001020098
"x.blk.blk.ATLAS_male_hypothalamus_control","x.blk.blk.ATLAS","male","hypothalamus","control","male.hypothalamus.control","charcterization",0.00832179368819941,-39.9489345257703
"x.blk.blk.ATLAS_male_pituitary_control","x.blk.blk.ATLAS","male","pituitary","control","male.pituitary.control","charcterization",-8.67617333903695,-33.695465588445
"x.blk16_male_gonad_n9.NYNO","x.blk16","male","gonads","n9","male.gonad.n9","charcterization",-14.3266119123238,27.8286452680959
"x.blk16_male_hypothalamus_n9.NYNO","x.blk16","male","hypothalamus","n9","male.hypothalamus.n9","charcterization",-15.0039352551788,-13.6702244034386
"x.blk16_male_pituitary_n9","x.blk16","male","pituitary","n9","male.pituitary.n9","charcterization",27.3301337482003,6.59585489862933
"x.blu.o.ATLAS_male_pituitary_control","x.blu.o.ATLAS","male","pituitary","control","male.pituitary.control","charcterization",-1.14699276585104,-36.5719705517868
"x.blu101.w43_female_gonad_inc.d9","x.blu101.w43","female","gonads","inc.d9","female.gonad.inc.d9","charcterization",-34.11935004216,0.604559881662764
"x.blu101.w43_female_hypothalamus_inc.d9","x.blu101.w43","female","hypothalamus","inc.d9","female.hypothalamus.inc.d9","charcterization",5.18324067158613,-10.2094941706419
"x.blu101.w43_female_pituitary_inc.d9","x.blu101.w43","female","pituitary","inc.d9","female.pituitary.inc.d9","charcterization",24.1013629958203,-14.4156462292468
"x.blu102.w105_female_gonad_inc.d3","x.blu102.w105","female","gonads","inc.d3","female.gonad.inc.d3","charcterization",-33.6269691983613,2.49681741074368
"x.blu102.w105_female_hypothalamus_inc.d3","x.blu102.w105","female","hypothalamus","inc.d3","female.hypothalamus.inc.d3","charcterization",2.78811971995973,-11.7616718072333
"x.blu102.w105_female_pituitary_inc.d3","x.blu102.w105","female","pituitary","inc.d3","female.pituitary.inc.d3","charcterization",15.2056997330917,-24.2707677816011
"x.blu106.o153_male_gonad_inc.d9.NYNO","x.blu106.o153","male","gonads","inc.d9","male.gonad.inc.d9","charcterization",-8.68640368390431,35.2763608717379
"x.blu106.o153_male_hypothalamus_inc.d9","x.blu106.o153","male","hypothalamus","inc.d9","male.hypothalamus.inc.d9","charcterization",2.70343954500281,20.289082873186
"x.blu106.o153_male_pituitary_inc.d9.NYNO","x.blu106.o153","male","pituitary","inc.d9","male.pituitary.inc.d9","charcterization",27.9225260178067,3.40958512203929
"x.blu109.w121_female_gonad_n5","x.blu109.w121","female","gonads","n5","female.gonad.n5","charcterization",-16.0881768263822,9.76390149612645
"x.blu109.w121_female_hypothalamus_n5","x.blu109.w121","female","hypothalamus","n5","female.hypothalamus.n5","charcterization",2.95636611302066,19.7599012204776
"x.blu109.w121_female_pituitary_n5","x.blu109.w121","female","pituitary","n5","female.pituitary.n5","charcterization",20.1815668468843,5.09923393601645
"x.blu116.w107_female_gonad_inc.d17","x.blu116.w107","female","gonads","inc.d17","female.gonad.inc.d17","charcterization",-36.1763008876455,-12.2118124847246
"x.blu116.w107_female_hypothalamus_inc.d17","x.blu116.w107","female","hypothalamus","inc.d17","female.hypothalamus.inc.d17","charcterization",2.67898997375552,-0.0911901954370765
"x.blu116.w107_female_pituitary_inc.d17.NYNO","x.blu116.w107","female","pituitary","inc.d17","female.pituitary.inc.d17","charcterization",18.4142404806802,21.5364645198095
"x.blu117.w89_male_gonad_inc.d17","x.blu117.w89","male","gonads","inc.d17","male.gonad.inc.d17","charcterization",-9.66528756548042,34.462161694109
"x.blu117.w89_male_hypothalamus_inc.d17","x.blu117.w89","male","hypothalamus","inc.d17","male.hypothalamus.inc.d17","charcterization",1.66910616428489,14.7383039916152
"x.blu117.w89_male_pituitary_inc.d17","x.blu117.w89","male","pituitary","inc.d17","male.pituitary.inc.d17","charcterization",18.1623283736848,22.6229451570717
"x.blu122.r66_female_gonad_inc.d9","x.blu122.r66","female","gonads","inc.d9","female.gonad.inc.d9","charcterization",0.821879518836965,21.9239897404705
"x.blu122.r66_female_hypothalamus_inc.d9","x.blu122.r66","female","hypothalamus","inc.d9","female.hypothalamus.inc.d9","charcterization",0.977309631519353,12.6495300832838
"x.blu122.r66_female_pituitary_inc.d9","x.blu122.r66","female","pituitary","inc.d9","female.pituitary.inc.d9","charcterization",22.4031844461155,-20.5116194705876
"x.blu23.w14_male_gonad_n9","x.blu23.w14","male","gonads","n9","male.gonad.n9","charcterization",-15.01423544366,9.74928470724807
"x.blu23.w14_male_hypothalamus_n9","x.blu23.w14","male","hypothalamus","n9","male.hypothalamus.n9","charcterization",1.12542144905834,9.55945767593533
"x.blu23.w14_male_pituitary_n9","x.blu23.w14","male","pituitary","n9","male.pituitary.n9","charcterization",22.1721235598198,3.48402758087924
"x.blu30_male_gonad_n5","x.blu30","male","gonads","n5","male.gonad.n5","charcterization",-13.7271176084998,28.384901654797
"x.blu30_male_hypothalamus_n5","x.blu30","male","hypothalamus","n5","male.hypothalamus.n5","charcterization",3.01885267570091,-5.02910217535681
"x.blu30_male_pituitary_n5","x.blu30","male","pituitary","n5","male.pituitary.n5","charcterization",19.9962467762816,7.40303693809183
"x.blu42.o28_male_gonad_inc.d3","x.blu42.o28","male","gonads","inc.d3","male.gonad.inc.d3","charcterization",-14.1554015660756,28.407838367764
"x.blu42.o28_male_hypothalamus_inc.d3.NYNO","x.blu42.o28","male","hypothalamus","inc.d3","male.hypothalamus.inc.d3","charcterization",2.79535693509603,-10.4922318257779
"x.blu42.o28_male_pituitary_inc.d3","x.blu42.o28","male","pituitary","inc.d3","male.pituitary.inc.d3","charcterization",29.4921176303662,-15.2327875161764
"x.blu43.g132_female_gonad_n9","x.blu43.g132","female","gonads","n9","female.gonad.n9","charcterization",-26.0694629804922,7.97807136361947
"x.blu43.g132_female_hypothalamus_n9","x.blu43.g132","female","hypothalamus","n9","female.hypothalamus.n9","charcterization",2.19702317455566,9.64722679244552
"x.blu43.g132_female_pituitary_n9","x.blu43.g132","female","pituitary","n9","female.pituitary.n9","charcterization",27.0106874738395,-16.4113126087549
"x.blu6.y80_female_gonad_lay","x.blu6.y80","female","gonads","lay","female.gonad.lay","charcterization",-39.4873263526375,-13.2707399683529
"x.blu6.y80_female_hypothalamus_lay","x.blu6.y80","female","hypothalamus","lay","female.hypothalamus.lay","charcterization",1.64048929419221,9.7569481598932
"x.blu6.y80_female_pituitary_lay","x.blu6.y80","female","pituitary","lay","female.pituitary.lay","charcterization",-0.392051353105766,15.8516934553528
"x.g.ATLAS_male_gonad_control","x.g.ATLAS","male","gonads","control","male.gonad.control","charcterization",-12.7360553335092,-5.95276239334746
"x.g.ATLAS_male_hypothalamus_control","x.g.ATLAS","male","hypothalamus","control","male.hypothalamus.control","charcterization",0.030258168404989,-39.9828506359645
"x.g.ATLAS_male_pituitary_control","x.g.ATLAS","male","pituitary","control","male.pituitary.control","charcterization",-8.26526549254395,-34.238239138339
"x.g.g.ATLAS_female_gonad_control","x.g.g.ATLAS","female","gonads","control","female.gonad.control","charcterization",-35.3298272126999,-16.8385649216756
"x.g.g.ATLAS_male_gonad_control","x.g.g.ATLAS","male","gonads","control","male.gonad.control","charcterization",-3.84759228041359,42.9975290906485
"x.g.g.ATLAS_male_hypothalamus_control","x.g.g.ATLAS","male","hypothalamus","control","male.hypothalamus.control","charcterization",-0.0246669228425783,-40.0170394157748
"x.g.g.ATLAS_male_pituitary_control","x.g.g.ATLAS","male","pituitary","control","male.pituitary.control","charcterization",-0.133062655200039,-37.3002620634624
"x.g.g.g.ATLAS_male_gonad_control","x.g.g.g.ATLAS","male","gonads","control","male.gonad.control","charcterization",-3.80290314528168,43.710243598337
"x.g.g.g.ATLAS_male_pituitary_control","x.g.g.g.ATLAS","male","pituitary","control","male.pituitary.control","charcterization",30.1083730416618,3.61889814995039
"x.g13.w109_male_gonad_inc.d9","x.g13.w109","male","gonads","inc.d9","male.gonad.inc.d9","charcterization",0.0836877273105275,39.7329728633911
"x.g13.w109_male_hypothalamus_inc.d9","x.g13.w109","male","hypothalamus","inc.d9","male.hypothalamus.inc.d9","charcterization",3.1157190260118,3.23959326736254
"x.g13.w109_male_pituitary_inc.d9","x.g13.w109","male","pituitary","inc.d9","male.pituitary.inc.d9","charcterization",35.3800335224693,0.552563595437698
"x.g14.w199_male_gonad_inc.d17","x.g14.w199","male","gonads","inc.d17","male.gonad.inc.d17","charcterization",-16.1183201791042,24.4119412265413
"x.g14.w199_male_hypothalamus_inc.d17","x.g14.w199","male","hypothalamus","inc.d17","male.hypothalamus.inc.d17","charcterization",3.80384856356141,8.24896168232713
"x.g14.w199_male_pituitary_inc.d17","x.g14.w199","male","pituitary","inc.d17","male.pituitary.inc.d17","charcterization",15.7008662351641,-23.2123565429758
"x.g147.blu28_male_gonad_inc.d3","x.g147.blu28","male","gonads","inc.d3","male.gonad.inc.d3","charcterization",-15.4737257906778,29.362320813234
"x.g147.blu28_male_hypothalamus_inc.d3","x.g147.blu28","male","hypothalamus","inc.d3","male.hypothalamus.inc.d3","charcterization",4.24800441333608,-0.665754034567495
"x.g147.blu28_male_pituitary_inc.d3","x.g147.blu28","male","pituitary","inc.d3","male.pituitary.inc.d3","charcterization",18.3677586898299,-26.1672005993953
"x.g37_female_gonad_n5","x.g37","female","gonads","n5","female.gonad.n5","charcterization",-34.1893539332921,-6.24065236847822
"x.g37_female_hypothalamus_n5","x.g37","female","hypothalamus","n5","female.hypothalamus.n5","charcterization",2.44563838143751,18.3154736741206
"x.g37_female_pituitary_n5","x.g37","female","pituitary","n5","female.pituitary.n5","charcterization",25.2118466161468,8.87860529222306
"x.g4.w50_female_gonad_n9","x.g4.w50","female","gonads","n9","female.gonad.n9","charcterization",-25.0713664676133,-1.6007519854193
"x.g4.w50_female_hypothalamus_n9","x.g4.w50","female","hypothalamus","n9","female.hypothalamus.n9","charcterization",-11.4037947586198,-18.4853637574742
"x.g4.w50_female_pituitary_n9","x.g4.w50","female","pituitary","n9","female.pituitary.n9","charcterization",24.9698081701181,-18.4078759610749
"x.g43_female_gonad_n5","x.g43","female","gonads","n5","female.gonad.n5","charcterization",-35.1541138254571,-2.47718877581691
"x.g43_female_hypothalamus_n5","x.g43","female","hypothalamus","n5","female.hypothalamus.n5","charcterization",-7.12945248843591,-26.9326401536287
"x.g43_female_pituitary_n5","x.g43","female","pituitary","n5","female.pituitary.n5","charcterization",25.5292059875744,16.4692222669514
"x.g49_female_gonad_n5","x.g49","female","gonads","n5","female.gonad.n5","charcterization",-35.7854125158013,-4.12922061646529
"x.g49_female_hypothalamus_n5","x.g49","female","hypothalamus","n5","female.hypothalamus.n5","charcterization",3.02362256078209,0.263857812853002
"x.g49_female_pituitary_n5.NYNO","x.g49","female","pituitary","n5","female.pituitary.n5","charcterization",26.1203183585911,7.62368516111742
"x.g70_male_gonad_hatch","x.g70","male","gonads","hatch","male.gonad.hatch","charcterization",-7.76345716906668,36.1521414406319
"x.g70_male_hypothalamus_hatch","x.g70","male","hypothalamus","hatch","male.hypothalamus.hatch","charcterization",1.06457061174854,-8.94052086814202
"x.g70_male_pituitary_hatch","x.g70","male","pituitary","hatch","male.pituitary.hatch","charcterization",20.4889415003563,18.8548023560942
"x.g9.o166_female_gonad_inc.d9.NYNO","x.g9.o166","female","gonads","inc.d9","female.gonad.inc.d9","charcterization",-24.8095146788779,8.07375196578057
"x.g9.o166_female_hypothalamus_inc.d9","x.g9.o166","female","hypothalamus","inc.d9","female.hypothalamus.inc.d9","charcterization",2.7344382228665,20.1407920910943
"x.g9.o166_female_pituitary_inc.d9.NYNO","x.g9.o166","female","pituitary","inc.d9","female.pituitary.inc.d9","charcterization",27.4722280174896,3.28410829633822
"x.o159.w90_female_gonad_inc.d17","x.o159.w90","female","gonads","inc.d17","female.gonad.inc.d17","charcterization",-35.2136384876182,2.81411422926234
"x.o159.w90_female_hypothalamus_inc.d17","x.o159.w90","female","hypothalamus","inc.d17","female.hypothalamus.inc.d17","charcterization",-8.83214384051598,-8.36023243754499
"x.o159.w90_female_pituitary_inc.d17","x.o159.w90","female","pituitary","inc.d17","female.pituitary.inc.d17","charcterization",21.91451811183,19.0055861766574
"x.o160.w102_male_gonad_hatch","x.o160.w102","male","gonads","hatch","male.gonad.hatch","charcterization",-10.6123080325064,33.3027512255708
"x.o160.w102_male_hypothalamus_hatch","x.o160.w102","male","hypothalamus","hatch","male.hypothalamus.hatch","charcterization",5.08084365568206,-6.54103585740147
"x.o160.w102_male_pituitary_hatch","x.o160.w102","male","pituitary","hatch","male.pituitary.hatch","charcterization",20.116781562753,18.5613108156895
"x.o163.w101_male_gonad_inc.d3","x.o163.w101","male","gonads","inc.d3","male.gonad.inc.d3","charcterization",1.40440039564753,38.6508933540217
"x.o163.w101_male_hypothalamus_inc.d3","x.o163.w101","male","hypothalamus","inc.d3","male.hypothalamus.inc.d3","charcterization",-12.3501693248363,-15.6733860695508
"x.o163.w101_male_pituitary_inc.d3.NYNO","x.o163.w101","male","pituitary","inc.d3","male.pituitary.inc.d3","charcterization",38.429279314288,-3.3012068437128
"x.o164.w123_male_gonad_n5","x.o164.w123","male","gonads","n5","male.gonad.n5","charcterization",-11.5476427223523,32.671851310396
"x.o164.w123_male_hypothalamus_n5","x.o164.w123","male","hypothalamus","n5","male.hypothalamus.n5","charcterization",2.2129503447678,0.611420479631722
"x.o164.w123_male_pituitary_n5.NYNO","x.o164.w123","male","pituitary","n5","male.pituitary.n5","charcterization",25.7397013716753,13.986612316065
"x.o175.g21_female_gonad_n5","x.o175.g21","female","gonads","n5","female.gonad.n5","charcterization",-32.4926980135131,2.36944869782833
"x.o175.g21_female_hypothalamus_n5","x.o175.g21","female","hypothalamus","n5","female.hypothalamus.n5","charcterization",-11.3754165751691,-24.3398466082339
"x.o175.g21_female_pituitary_n5","x.o175.g21","female","pituitary","n5","female.pituitary.n5","charcterization",25.7658443612598,0.886710867648372
"x.o2_male_gonad_n9","x.o2","male","gonads","n9","male.gonad.n9","charcterization",-15.5513557865139,31.0594305231118
"x.o2_male_hypothalamus_n9","x.o2","male","hypothalamus","n9","male.hypothalamus.n9","charcterization",-14.8379067222996,-6.99502870828919
"x.o2_male_pituitary_n9","x.o2","male","pituitary","n9","male.pituitary.n9","charcterization",32.7223292129043,1.08721864613441
"x.o30.g134_male_gonad_bldg","x.o30.g134","male","gonads","bldg","male.gonad.bldg","charcterization",-14.2073680402232,31.4585984429093
"x.o30.g134_male_hypothalamus_bldg","x.o30.g134","male","hypothalamus","bldg","male.hypothalamus.bldg","charcterization",-12.0555241590048,-8.37374776413913
"x.o30.g134_male_pituitary_bldg","x.o30.g134","male","pituitary","bldg","male.pituitary.bldg","charcterization",15.5733583386796,-28.0721647705175
"x.o37.blu50_female_gonad_hatch","x.o37.blu50","female","gonads","hatch","female.gonad.hatch","charcterization",-33.9568422668908,0.971288643559891
"x.o37.blu50_female_hypothalamus_hatch.NYNO","x.o37.blu50","female","hypothalamus","hatch","female.hypothalamus.hatch","charcterization",4.22218054792183,-10.1092522295931
"x.o37.blu50_female_pituitary_hatch","x.o37.blu50","female","pituitary","hatch","female.pituitary.hatch","charcterization",18.3102181990641,22.615943845239
"x.o47.y82_male_gonad_inc.d9","x.o47.y82","male","gonads","inc.d9","male.gonad.inc.d9","charcterization",-19.1831664616636,18.2587848161913
"x.o47.y82_male_hypothalamus_inc.d9","x.o47.y82","male","hypothalamus","inc.d9","male.hypothalamus.inc.d9","charcterization",-4.13324692344587,-24.6338235242797
"x.o47.y82_male_pituitary_inc.d9","x.o47.y82","male","pituitary","inc.d9","male.pituitary.inc.d9","charcterization",17.6052742104791,-23.3357221316324
"x.o68_male_gonad_n5","x.o68","male","gonads","n5","male.gonad.n5","charcterization",-14.9535143244258,26.3094897895257
"x.o68_male_hypothalamus_n5","x.o68","male","hypothalamus","n5","male.hypothalamus.n5","charcterization",2.29862216550968,-6.20565361409889
"x.o68_male_pituitary_n5","x.o68","male","pituitary","n5","male.pituitary.n5","charcterization",20.2461338341327,7.21777090263927
"x.o70_female_gonad_n5","x.o70","female","gonads","n5","female.gonad.n5","charcterization",-25.4569325271844,6.62124739697741
"x.o70_female_hypothalamus_n5.NYNO","x.o70","female","hypothalamus","n5","female.hypothalamus.n5","charcterization",-10.7554519433737,-25.1797568399434
"x.o70_female_pituitary_n5","x.o70","female","pituitary","n5","female.pituitary.n5","charcterization",19.5209474859302,5.36335460685229
"x.r178_male_gonad_hatch","x.r178","male","gonads","hatch","male.gonad.hatch","charcterization",-14.1681545404111,30.593050835364
"x.r178_male_hypothalamus_hatch","x.r178","male","hypothalamus","hatch","male.hypothalamus.hatch","charcterization",3.61206364428535,-9.68536857277751
"x.r178_male_pituitary_hatch","x.r178","male","pituitary","hatch","male.pituitary.hatch","charcterization",20.8237373095607,18.9670870596666
"x.r181_male_gonad_n5","x.r181","male","gonads","n5","male.gonad.n5","charcterization",-12.1291795053331,31.8372590527076
"x.r181_male_hypothalamus_n5","x.r181","male","hypothalamus","n5","male.hypothalamus.n5","charcterization",-10.6435646310791,-20.9253149471388
"x.r181_male_pituitary_n5","x.r181","male","pituitary","n5","male.pituitary.n5","charcterization",25.6519836260966,19.9440395197062
"x.r29.w96_male_gonad_inc.d17","x.r29.w96","male","gonads","inc.d17","male.gonad.inc.d17","charcterization",-19.8859789039776,13.378377427739
"x.r29.w96_male_hypothalamus_inc.d17","x.r29.w96","male","hypothalamus","inc.d17","male.hypothalamus.inc.d17","charcterization",-4.34533339482834,-18.9782126255512
"x.r29.w96_male_pituitary_inc.d17","x.r29.w96","male","pituitary","inc.d17","male.pituitary.inc.d17","charcterization",33.5899039372258,0.615855813348993
"x.r33.w183_female_gonad_inc.d3","x.r33.w183","female","gonads","inc.d3","female.gonad.inc.d3","charcterization",-40.9787592438595,-12.5671827276206
"x.r33.w183_female_hypothalamus_inc.d3","x.r33.w183","female","hypothalamus","inc.d3","female.hypothalamus.inc.d3","charcterization",0.731679002061925,15.0123567525381
"x.r33.w183_female_pituitary_inc.d3","x.r33.w183","female","pituitary","inc.d3","female.pituitary.inc.d3","charcterization",33.760795389617,-0.240485765130565
"x.r39.g10_female_gonad_bldg","x.r39.g10","female","gonads","bldg","female.gonad.bldg","charcterization",-26.9498411009923,6.88995254455334
"x.r39.g10_female_hypothalamus_bldg","x.r39.g10","female","hypothalamus","bldg","female.hypothalamus.bldg","charcterization",-9.90367965373142,-25.4151270856286
"x.r39.g10_female_pituitary_bldg","x.r39.g10","female","pituitary","bldg","female.pituitary.bldg","charcterization",29.9779399179662,-15.6067670341819
"x.r44.w95_female_gonad_hatch","x.r44.w95","female","gonads","hatch","female.gonad.hatch","charcterization",-40.7388037951603,-11.960860757397
"x.r44.w95_female_hypothalamus_hatch","x.r44.w95","female","hypothalamus","hatch","female.hypothalamus.hatch","charcterization",2.21966824289494,6.19298718587073
"x.r44.w95_female_pituitary_hatch","x.r44.w95","female","pituitary","hatch","female.pituitary.hatch","charcterization",18.6193102693264,22.5432554367465
"x.r48.y139_female_gonad_inc.d17","x.r48.y139","female","gonads","inc.d17","female.gonad.inc.d17","charcterization",-37.288063657216,-13.328128668337
"x.r48.y139_female_hypothalamus_inc.d17","x.r48.y139","female","hypothalamus","inc.d17","female.hypothalamus.inc.d17","charcterization",-6.10107979388455,-21.9318822460828
"x.r48.y139_female_pituitary_inc.d17.NYNO","x.r48.y139","female","pituitary","inc.d17","female.pituitary.inc.d17","charcterization",18.5586148856378,23.4187910688628
"x.r50.w97_female_gonad_n5","x.r50.w97","female","gonads","n5","female.gonad.n5","charcterization",-28.7476542931585,5.6540256972514
"x.r50.w97_female_hypothalamus_n5","x.r50.w97","female","hypothalamus","n5","female.hypothalamus.n5","charcterization",-0.0478779445011309,-22.7197062285471
"x.r50.w97_female_pituitary_n5","x.r50.w97","female","pituitary","n5","female.pituitary.n5","charcterization",24.9986884280586,2.53538536237081
"x.r64.g140_male_gonad_inc.d3","x.r64.g140","male","gonads","inc.d3","male.gonad.inc.d3","charcterization",1.43593981716058,22.155418353077
"x.r64.g140_male_hypothalamus_inc.d3","x.r64.g140","male","hypothalamus","inc.d3","male.hypothalamus.inc.d3","charcterization",3.06908965488236,-4.42989050963773
"x.r64.g140_male_pituitary_inc.d3","x.r64.g140","male","pituitary","inc.d3","male.pituitary.inc.d3","charcterization",17.9143103103904,-26.9717375321685
"x.r67.blu35_male_gonad_bldg","x.r67.blu35","male","gonads","bldg","male.gonad.bldg","charcterization",-17.5207088750538,24.3285131067828
"x.r67.blu35_male_hypothalamus_bldg","x.r67.blu35","male","hypothalamus","bldg","male.hypothalamus.bldg","charcterization",-8.56229884085203,-11.8106365474497
"x.r67.blu35_male_pituitary_bldg.NYNO","x.r67.blu35","male","pituitary","bldg","male.pituitary.bldg","charcterization",26.5949434346891,-13.3495812144909
"x.w178_female_gonad_n9","x.w178","female","gonads","n9","female.gonad.n9","charcterization",-15.848035543558,9.63215078356785
"x.w178_female_hypothalamus_n9","x.w178","female","hypothalamus","n9","female.hypothalamus.n9","charcterization",-12.2674700749821,-14.4134212697398
"x.w178_female_pituitary_n9","x.w178","female","pituitary","n9","female.pituitary.n9","charcterization",20.4003739663102,5.4329264247604
"x.w192.o157_male_gonad_inc.d9","x.w192.o157","male","gonads","inc.d9","male.gonad.inc.d9","charcterization",2.11568414491776,22.1523485433865
"x.w192.o157_male_hypothalamus_inc.d9","x.w192.o157","male","hypothalamus","inc.d9","male.hypothalamus.inc.d9","charcterization",3.54756973591429,8.48878980186164
"x.w192.o157_male_pituitary_inc.d9","x.w192.o157","male","pituitary","inc.d9","male.pituitary.inc.d9","charcterization",17.4738527576099,-27.1485192872709
"x.w51_female_gonad_lay","x.w51","female","gonads","lay","female.gonad.lay","charcterization",-25.7179596986984,-3.20716733301407
"x.w51_female_hypothalamus_lay","x.w51","female","hypothalamus","lay","female.hypothalamus.lay","charcterization",2.53931413911747,3.88792523038723
"x.w51_female_pituitary_lay","x.w51","female","pituitary","lay","female.pituitary.lay","charcterization",22.9828313847374,-16.5142059835451
"x.w6_female_gonad_n9","x.w6","female","gonads","n9","female.gonad.n9","charcterization",-16.7818128501169,9.55972875229776
"x.w6_female_hypothalamus_n9","x.w6","female","hypothalamus","n9","female.hypothalamus.n9","charcterization",1.99537696496536,-2.88992545290705
"x.w6_female_pituitary_n9","x.w6","female","pituitary","n9","female.pituitary.n9","charcterization",17.8642267897002,-20.8919200735842
"x.y.s.ATLAS_male_gonad_control","x.y.s.ATLAS","male","gonads","control","male.gonad.control","charcterization",-4.35689291899178,42.0614591260112
"x.y.s.ATLAS_male_pituitary_control","x.y.s.ATLAS","male","pituitary","control","male.pituitary.control","charcterization",-8.70553454158125,-33.7024309930613
"x.y109_female_gonad_inc.d9","x.y109","female","gonads","inc.d9","female.gonad.inc.d9","charcterization",-19.3892191978398,11.160757703655
"x.y109_female_hypothalamus_inc.d9","x.y109","female","hypothalamus","inc.d9","female.hypothalamus.inc.d9","charcterization",-14.798924033421,-17.5523560928963
"x.y109_female_pituitary_inc.d9","x.y109","female","pituitary","inc.d9","female.pituitary.inc.d9","charcterization",18.0954717647326,-22.1125077038112
"x.y132.w76_male_gonad_inc.d17","x.y132.w76","male","gonads","inc.d17","male.gonad.inc.d17","charcterization",2.14918181778524,38.8475222863952
"x.y132.w76_male_hypothalamus_inc.d17","x.y132.w76","male","hypothalamus","inc.d17","male.hypothalamus.inc.d17","charcterization",0.598413244888592,15.166697812858
"x.y132.w76_male_pituitary_inc.d17","x.y132.w76","male","pituitary","inc.d17","male.pituitary.inc.d17","charcterization",25.5775122265,11.393256286407
"x.y138.w176_female_gonad_n9","x.y138.w176","female","gonads","n9","female.gonad.n9","charcterization",1.32900243227199,21.637669336032
"x.y138.w176_female_hypothalamus_n9","x.y138.w176","female","hypothalamus","n9","female.hypothalamus.n9","charcterization",-1.00047685260805,-21.9188726406888
"x.y138.w176_female_pituitary_n9","x.y138.w176","female","pituitary","n9","female.pituitary.n9","charcterization",4.17462624061491,23.4348364151562
"x.y141.w116_male_gonad_inc.d9","x.y141.w116","male","gonads","inc.d9","male.gonad.inc.d9","charcterization",-17.4963992151849,14.3138760191271
"x.y141.w116_male_hypothalamus_inc.d9","x.y141.w116","male","hypothalamus","inc.d9","male.hypothalamus.inc.d9","charcterization",-11.4921313944011,-9.740412056798
"x.y141.w116_male_pituitary_inc.d9","x.y141.w116","male","pituitary","inc.d9","male.pituitary.inc.d9","charcterization",17.3797011298498,-24.4721044859022
"x.y90_female_gonad_hatch","x.y90","female","gonads","hatch","female.gonad.hatch","charcterization",-32.1379440002815,3.93355960632929
"x.y90_female_hypothalamus_hatch","x.y90","female","hypothalamus","hatch","female.hypothalamus.hatch","charcterization",2.24292235848428,14.7174023647175
"x.y90_female_pituitary_hatch","x.y90","female","pituitary","hatch","female.pituitary.hatch","charcterization",23.788400873161,22.0370389745052
"x.y93.g126_female_gonad_inc.d9","x.y93.g126","female","gonads","inc.d9","female.gonad.inc.d9","charcterization",-34.5585133810914,-0.658870959297078
"x.y93.g126_female_hypothalamus_inc.d9","x.y93.g126","female","hypothalamus","inc.d9","female.hypothalamus.inc.d9","charcterization",-11.6628115181617,-20.2117700800644
"x.y93.g126_female_pituitary_inc.d9","x.y93.g126","female","pituitary","inc.d9","female.pituitary.inc.d9","charcterization",16.8163311575413,-26.6591917795183
"x.y9_female_gonad_n9","x.y9","female","gonads","n9","female.gonad.n9","charcterization",-28.0766769719008,6.00715402147455
"x.y9_female_hypothalamus_n9","x.y9","female","hypothalamus","n9","female.hypothalamus.n9","charcterization",2.78570407867821,-7.13491254599517
"x.y9_female_pituitary_n9","x.y9","female","pituitary","n9","female.pituitary.n9","charcterization",25.3161480911132,3.02014049977805
"y.s156.o.r_female_gonad_lay","y.s156.o.r","female","gonads","lay","female.gonad.lay","charcterization",-38.3488883057017,-14.7111230345977
"y.s156.o.r_female_hypothalamus_lay","y.s156.o.r","female","hypothalamus","lay","female.hypothalamus.lay","charcterization",-4.7510692223538,-22.6153725947932
"y.s156.o.r_female_pituitary_lay","y.s156.o.r","female","pituitary","lay","female.pituitary.lay","charcterization",35.0538192375749,-3.26929851900269
"y126.w92.x_female_gonad_inc.d17","y126.w92.x","female","gonads","inc.d17","female.gonad.inc.d17","charcterization",-37.1579735545082,-12.4936784521688
"y126.w92.x_female_hypothalamus_inc.d17","y126.w92.x","female","hypothalamus","inc.d17","female.hypothalamus.inc.d17","charcterization",2.37013342764682,4.44017111980836
"y126.w92.x_female_pituitary_inc.d17","y126.w92.x","female","pituitary","inc.d17","female.pituitary.inc.d17","charcterization",19.6900990669013,19.7780653237344
"y128.g23.x_female_gonad_inc.d9","y128.g23.x","female","gonads","inc.d9","female.gonad.inc.d9","charcterization",-27.1226546461925,7.54250002193406
"y128.g23.x_female_pituitary_inc.d9","y128.g23.x","female","pituitary","inc.d9","female.pituitary.inc.d9","charcterization",20.7092930121816,-26.5631421694313
"y129.x_male_gonad_n9","y129.x","male","gonads","n9","male.gonad.n9","charcterization",-16.2003154283859,24.2768175778881
"y129.x_male_hypothalamus_n9","y129.x","male","hypothalamus","n9","male.hypothalamus.n9","charcterization",-12.0364473290574,-12.4488944070434
"y129.x_male_pituitary_n9","y129.x","male","pituitary","n9","male.pituitary.n9","charcterization",25.0091117133189,3.14377187002199
"y13.x_female_gonad_inc.d3","y13.x","female","gonads","inc.d3","female.gonad.inc.d3","charcterization",-27.3056582642445,6.54279920814187
"y13.x_female_hypothalamus_inc.d3","y13.x","female","hypothalamus","inc.d3","female.hypothalamus.inc.d3","charcterization",-5.13953798103913,-24.3271998889289
"y13.x_female_pituitary_inc.d3","y13.x","female","pituitary","inc.d3","female.pituitary.inc.d3","charcterization",30.4563527533483,-17.9714240053915
"y130.o170.x_female_gonad_inc.d17","y130.o170.x","female","gonads","inc.d17","female.gonad.inc.d17","charcterization",-40.6740873454262,-11.1682912846476
"y130.o170.x_female_hypothalamus_inc.d17","y130.o170.x","female","hypothalamus","inc.d17","female.hypothalamus.inc.d17","charcterization",-15.061943039733,-6.8867751939718
"y130.o170.x_female_pituitary_inc.d17","y130.o170.x","female","pituitary","inc.d17","female.pituitary.inc.d17","charcterization",21.5118913475508,16.1294096104869
"y131.w185.x_male_gonad_n9","y131.w185.x","male","gonads","n9","male.gonad.n9","charcterization",-13.6556822675766,9.15633689907414
"y131.w185.x_male_hypothalamus_n9","y131.w185.x","male","hypothalamus","n9","male.hypothalamus.n9","charcterization",-10.5680083876681,-21.044364563175
"y131.w185.x_male_pituitary_n9","y131.w185.x","male","pituitary","n9","male.pituitary.n9","charcterization",20.6627009713092,6.55421571100478
"y133.w77.r58_male_gonad_inc.d17","y133.w77.r58","male","gonads","inc.d17","male.gonad.inc.d17","charcterization",1.17528648663195,39.2914394792102
"y133.w77.r58_male_hypothalamus_inc.d17","y133.w77.r58","male","hypothalamus","inc.d17","male.hypothalamus.inc.d17","charcterization",3.77077589750681,-6.14662479043065
"y133.w77.r58_male_pituitary_inc.d17","y133.w77.r58","male","pituitary","inc.d17","male.pituitary.inc.d17","charcterization",21.8602966567189,15.7199342490343
"y135.blu107.x_female_gonad_inc.d17","y135.blu107.x","female","gonads","inc.d17","female.gonad.inc.d17","charcterization",-36.0432072592273,-4.44603395486304
"y135.blu107.x_female_hypothalamus_inc.d17","y135.blu107.x","female","hypothalamus","inc.d17","female.hypothalamus.inc.d17","charcterization",-10.8924476600681,-9.16389303554534
"y135.blu107.x_female_pituitary_inc.d17.NYNO","y135.blu107.x","female","pituitary","inc.d17","female.pituitary.inc.d17","charcterization",19.1177174065549,23.9129395220581
"y136.x_female_gonad_inc.d17","y136.x","female","gonads","inc.d17","female.gonad.inc.d17","charcterization",-40.1169754980147,-13.0845013166236
"y136.x_female_hypothalamus_inc.d17","y136.x","female","hypothalamus","inc.d17","female.hypothalamus.inc.d17","charcterization",-7.88327663642194,-11.3367645064731
"y136.x_female_pituitary_inc.d17","y136.x","female","pituitary","inc.d17","female.pituitary.inc.d17","charcterization",23.9824369503284,-15.3082202389416
"y140.w119.x_female_gonad_inc.d9","y140.w119.x","female","gonads","inc.d9","female.gonad.inc.d9","charcterization",-25.5301357967003,7.55183891741083
"y140.w119.x_female_hypothalamus_inc.d9","y140.w119.x","female","hypothalamus","inc.d9","female.hypothalamus.inc.d9","charcterization",-14.3956184401744,-17.4302129417988
"y140.w119.x_female_pituitary_inc.d9","y140.w119.x","female","pituitary","inc.d9","female.pituitary.inc.d9","charcterization",15.4462502836729,-28.1270252362033
"y149.r52.x_male_gonad_inc.d3","y149.r52.x","male","gonads","inc.d3","male.gonad.inc.d3","charcterization",1.82490440304638,39.3430535675808
"y149.r52.x_male_hypothalamus_inc.d3","y149.r52.x","male","hypothalamus","inc.d3","male.hypothalamus.inc.d3","charcterization",-14.8033395661481,-13.4729026859845
"y149.r52.x_male_pituitary_inc.d3","y149.r52.x","male","pituitary","inc.d3","male.pituitary.inc.d3","charcterization",37.1851966518222,0.689083245055544
"y15.x_female_gonad_hatch","y15.x","female","gonads","hatch","female.gonad.hatch","charcterization",-38.5668381926885,-9.45309895463391
"y15.x_female_hypothalamus_hatch","y15.x","female","hypothalamus","hatch","female.hypothalamus.hatch","charcterization",3.63089468064287,10.672673387848
"y15.x_female_pituitary_hatch","y15.x","female","pituitary","hatch","female.pituitary.hatch","charcterization",24.88426738299,15.899903951556
"y6.o54_female_gonad_n5","y6.o54","female","gonads","n5","female.gonad.n5","charcterization",-32.6306175807691,2.93914572265627
"y6.o54_female_hypothalamus_n5","y6.o54","female","hypothalamus","n5","female.hypothalamus.n5","charcterization",2.74935442610598,19.5626981917321
"y6.o54_female_pituitary_n5","y6.o54","female","pituitary","n5","female.pituitary.n5","charcterization",19.7353470803159,7.12363526484666
"y7.g58_female_gonad_hatch","y7.g58","female","gonads","hatch","female.gonad.hatch","charcterization",-35.4580089104938,-3.77381784090605
"y7.g58_female_hypothalamus_hatch","y7.g58","female","hypothalamus","hatch","female.hypothalamus.hatch","charcterization",2.47160483653101,-6.99342117153159
"y7.g58_female_pituitary_hatch","y7.g58","female","pituitary","hatch","female.pituitary.hatch","charcterization",19.1070066215883,20.8099656272574
"y94.g133.x_female_gonad_n5","y94.g133.x","female","gonads","n5","female.gonad.n5","charcterization",-35.0516139062795,-1.10451422747399
"y94.g133.x_female_hypothalamus_n5.NYNO","y94.g133.x","female","hypothalamus","n5","female.hypothalamus.n5","charcterization",-13.4306575469126,-18.7020162014457
"y94.g133.x_female_pituitary_n5","y94.g133.x","female","pituitary","n5","female.pituitary.n5","charcterization",25.1936077609743,16.2306477842225
"y95.g131.x_male_gonad_inc.d9","y95.g131.x","male","gonads","inc.d9","male.gonad.inc.d9","charcterization",-17.0102320290129,20.3096877927906
"y95.g131.x_male_hypothalamus_inc.d9","y95.g131.x","male","hypothalamus","inc.d9","male.hypothalamus.inc.d9","charcterization",1.69643684679748,-2.14619176973436
"y95.g131.x_male_pituitary_inc.d9","y95.g131.x","male","pituitary","inc.d9","male.pituitary.inc.d9","charcterization",26.1683654316712,-13.4611709904357
"y97.x_female_gonad_n9","y97.x","female","gonads","n9","female.gonad.n9","charcterization",-38.7208762032559,-9.7670805035097
"y97.x_female_hypothalamus_n9","y97.x","female","hypothalamus","n9","female.hypothalamus.n9","charcterization",2.59438781462157,19.0104814447095
"y97.x_female_pituitary_n9","y97.x","female","pituitary","n9","female.pituitary.n9","charcterization",26.6787656383993,2.89046635246719
"y98.o50.x_male_gonad_inc.d3","y98.o50.x","male","gonads","inc.d3","male.gonad.inc.d3","charcterization",-18.5844699572315,13.3988089947129
"y98.o50.x_male_hypothalamus_inc.d3","y98.o50.x","male","hypothalamus","inc.d3","male.hypothalamus.inc.d3","charcterization",-12.1176327452589,-16.4713791935066
"y98.o50.x_male_pituitary_inc.d3","y98.o50.x","male","pituitary","inc.d3","male.pituitary.inc.d3","charcterization",22.7082694289021,-17.8695098250482
